genomes	seq_type	C01	C02	C03	C04	C05	C06	C07	C08	C09	C10	C11	C12	C13	C14	C15	C16	C17	C18	C19	C20	T01	T02	T03	T04	T05	T06	T07	T08	T09	T10	T11	T12	T13	T14	T15	T16	T17	T18	T19	T20
/local/mrahman/magician/data/mooh_representative/Abiotrophia_defectiva_GCF_037041345.1.fna	chromosome	12	13	10	20	8	6	13	15	17	25	8	11	5	16	21	22	5	11	12	8	25	28	13	17	13	25	21	28	5	5	18	53	7	7	5	5	15	15	15	11
/local/mrahman/magician/data/mooh_representative/Abiotrophia_sp_HMSC24B09_GCF_905372995.1.fna	chromosome	5	5	5	6	5	9	5	23	11	5	5	5	5	5	9	5	5	23	5	5	13	5	5	5	5	5	5	5	5	5	12	5	5	5	5	5	9	5	5	5
/local/mrahman/magician/data/mooh_representative/Achromobacter_insuavis_GCA_038049915.1.fna	chromosome	5	5	5	5	5	5	5	5	5	5	5	5	5	5	5	5	5	5	5	5	5	5	5	5	5	5	5	5	5	5	5	5	5	5	5	5	5	5	5	5
/local/mrahman/magician/data/mooh_representative/Achromobacter_mucicolens_GCF_964252965.1.fna	chromosome	5	5	5	5	5	14	13	5	6	5	5	10	5	5	5	5	5	7	5	5	5	5	5	7	5	5	5	16	5	5	5	8	5	5	5	5	5	5	5	6
/local/mrahman/magician/data/mooh_representative/Acinetobacter_guillouiae_GCF_965240475.1.fna	chromosome	6	5	5	11	5	13	5	5	5	5	5	8	5	5	5	5	5	5	5	5	10	5	5	8	5	5	15	5	5	8	8	7	27	13	5	9	5	5	5	5
/local/mrahman/magician/data/mooh_representative/Acinetobacter_johnsonii_GCF_050157305.1.fna	chromosome	30	18	25	20	13	17	14	15	19	28	36	23	11	28	18	25	29	37	10	29	19	31	12	36	17	9	28	19	20	14	14	17	29	19	12	28	18	45	22	28
/local/mrahman/magician/data/mooh_representative/Acinetobacter_junii_GCF_035320785.1.fna	chromosome	5	5	5	5	7	5	5	6	15	5	7	8	9	5	8	5	5	5	5	5	5	6	5	9	8	7	5	5	6	5	7	13	5	5	8	5	11	6	5	5
/local/mrahman/magician/data/mooh_representative/Acinetobacter_lwoffii_GCF_050703235.1.fna	chromosome	10	16	16	15	14	5	14	14	13	10	8	7	6	10	7	17	9	22	9	9	10	9	7	12	5	14	9	9	5	9	15	10	9	7	15	27	7	27	12	17
/local/mrahman/magician/data/mooh_representative/Acinetobacter_parvus_GCF_046297515.1.fna	chromosome	5	5	5	5	5	5	5	5	5	5	5	5	5	6	5	5	5	5	5	5	5	5	5	5	5	5	5	5	5	5	5	7	5	5	5	5	5	5	5	5
/local/mrahman/magician/data/mooh_representative/Acinetobacter_pittii_GCF_050367435.1.fna	chromosome	5	5	5	5	5	5	5	5	5	5	5	5	5	5	5	5	5	5	5	5	5	5	5	5	5	5	5	5	5	5	5	5	5	5	5	5	5	5	5	5
/local/mrahman/magician/data/mooh_representative/Acinetobacter_radioresistens_GCF_047946995.1.fna	chromosome	5	5	5	5	5	5	8	5	5	5	11	5	5	5	5	17	5	5	5	7	5	5	5	5	5	5	7	5	5	8	9	5	5	5	5	5	5	5	5	5
/local/mrahman/magician/data/mooh_representative/Acinetobacter_sp_ANC_4204_GCF_002135205.1.fna	chromosome	5	5	5	5	5	5	5	5	5	5	5	5	5	5	5	5	5	5	5	5	5	5	5	5	5	5	5	5	5	5	5	5	5	5	5	5	5	5	5	5
/local/mrahman/magician/data/mooh_representative/Acinetobacter_ursingii_GCF_041501495.1.fna	chromosome	5	5	5	5	5	5	5	5	5	5	8	5	5	8	5	5	5	5	5	5	5	10	5	5	5	5	5	5	5	5	5	5	5	6	5	8	5	5	5	5
/local/mrahman/magician/data/mooh_representative/Actinobaculum_sp_oral_taxon_183_GCF_000466165.1.fna	chromosome	5	11	5	6	7	16	8	11	7	6	12	5	16	8	8	9	14	5	5	5	6	5	13	5	7	11	12	9	18	5	5	11	5	5	15	14	9	10	7	7
/local/mrahman/magician/data/mooh_representative/Actinomyces_bouchesdurhonensis_GCF_965245965.1.fna	chromosome	5	5	5	17	5	5	5	5	5	5	14	5	5	5	5	5	5	5	5	5	5	5	5	5	5	5	5	5	5	5	5	5	5	5	5	5	5	5	5	5
/local/mrahman/magician/data/mooh_representative/Actinomyces_dentalis_GCA_965240955.1.fna	chromosome	23	9	8	15	8	8	7	17	7	12	13	10	10	19	14	15	13	13	16	13	17	14	24	6	10	12	16	18	7	38	40	19	14	6	13	6	15	6	5	14
/local/mrahman/magician/data/mooh_representative/Actinomyces_gerencseriae_GCA_965242215.1.fna	chromosome	10	5	13	9	5	5	5	5	5	5	5	5	9	5	12	5	5	5	6	5	5	7	13	7	11	7	5	15	5	10	18	5	5	5	7	5	5	5	7	15
/local/mrahman/magician/data/mooh_representative/Actinomyces_graevenitzii_GCA_023302925.1.fna	chromosome	5	9	5	5	5	5	5	6	5	5	5	5	5	5	5	5	5	5	5	5	5	5	5	5	5	5	5	5	5	5	5	5	5	5	5	5	6	5	5	5
/local/mrahman/magician/data/mooh_representative/Actinomyces_israelii_GCF_030253495.1.fna	chromosome	5	5	5	5	5	5	5	5	5	5	5	10	5	5	5	5	5	5	7	5	10	5	5	5	5	5	5	5	5	5	5	5	5	5	5	5	5	5	5	5
/local/mrahman/magician/data/mooh_representative/Actinomyces_johnsonii_GCF_052112905.1.fna	chromosome	5	5	5	5	5	5	5	5	5	5	5	5	5	5	5	5	13	7	5	5	5	5	5	5	16	5	5	5	5	5	5	12	5	6	5	5	5	5	5	5
/local/mrahman/magician/data/mooh_representative/Actinomyces_massiliensis_GCF_030644185.1.fna	chromosome	5	6	7	5	5	6	5	6	6	5	5	5	7	7	5	8	5	10	5	5	5	5	5	5	5	10	9	5	5	5	9	5	5	5	5	5	5	5	5	5
/local/mrahman/magician/data/mooh_representative/Actinomyces_naeslundii_GCF_023170065.1.fna	chromosome	5	5	6	8	10	7	9	5	5	5	18	8	5	5	15	9	5	7	8	5	7	5	6	5	5	5	5	5	6	5	5	5	5	30	5	18	23	5	11	5
/local/mrahman/magician/data/mooh_representative/Actinomyces_oris_GCF_051027575.1.fna	chromosome	25	8	9	17	35	20	24	24	20	31	24	13	35	21	22	37	29	31	26	17	18	13	23	30	22	40	19	33	30	37	38	18	28	24	26	22	18	24	34	26
/local/mrahman/magician/data/mooh_representative/Actinomyces_sp_HMT897_GCF_016626125.1.fna	chromosome	5	7	5	5	5	5	5	5	5	5	5	5	17	14	5	5	5	5	5	5	6	7	5	5	5	6	10	5	5	5	5	5	5	5	5	5	11	5	5	5
/local/mrahman/magician/data/mooh_representative/Actinomyces_sp_ICM47_GCF_905370305.1.fna	chromosome	10	8	8	13	48	22	21	13	11	17	14	8	18	24	12	15	8	13	26	22	13	21	34	29	15	15	17	25	11	16	14	9	7	37	19	21	14	20	25	9
/local/mrahman/magician/data/mooh_representative/Actinomyces_sp_oral_taxon_448_GCF_905373145.1.fna	chromosome	27	32	29	12	22	22	18	32	30	21	21	21	36	7	28	22	45	13	31	44	39	47	50	39	14	27	20	17	28	42	28	37	32	17	22	20	53	29	14	35
/local/mrahman/magician/data/mooh_representative/Actinomyces_sp_ph3_GCF_000308055.1.fna	chromosome	6	5	12	5	5	9	5	5	5	5	25	5	17	10	10	5	5	5	7	17	7	5	15	5	20	8	8	5	6	5	5	5	27	7	7	8	5	10	6	5
/local/mrahman/magician/data/mooh_representative/Aggregatibacter_kilianii_GCF_963554095.1.fna	chromosome	5	5	8	8	5	5	5	9	5	5	5	10	5	15	17	5	21	5	14	8	5	5	5	6	5	7	6	5	5	9	5	21	5	5	5	5	5	5	5	5
/local/mrahman/magician/data/mooh_representative/Agrobacterium_tomkonis_GCF_020218035.1.fna	chromosome	5	5	5	5	5	5	5	5	5	5	5	5	5	5	5	5	5	5	6	5	5	5	5	5	5	5	6	5	5	5	5	5	5	5	5	5	5	5	5	5
/local/mrahman/magician/data/mooh_representative/Arachnia_propionica_GCF_046846385.1.fna	chromosome	5	5	5	5	5	5	5	5	5	5	5	5	5	5	5	5	5	5	5	5	5	5	5	5	5	5	5	5	5	5	5	5	5	5	7	5	5	5	5	5
/local/mrahman/magician/data/mooh_representative/Arachnia_rubra_GCF_037055315.1.fna	chromosome	5	5	5	5	5	5	5	5	5	5	5	15	5	5	5	5	5	5	5	5	6	5	5	5	5	5	7	5	5	5	5	5	5	5	5	6	5	5	5	5
/local/mrahman/magician/data/mooh_representative/Brevundimonas_aurantiaca_GCF_046293355.1.fna	chromosome	5	5	5	5	5	8	7	5	6	5	10	5	8	6	5	5	12	12	8	5	9	5	6	6	10	10	6	10	5	5	5	5	10	11	5	9	5	5	16	11
/local/mrahman/magician/data/mooh_representative/Brevundimonas_diminuta_GCF_050310045.1.fna	chromosome	14	45	32	62	44	37	25	33	38	35	35	57	40	52	24	27	58	35	72	39	40	34	21	55	36	53	39	57	46	39	32	38	28	40	58	33	32	15	26	73
/local/mrahman/magician/data/mooh_representative/Brevundimonas_mediterranea_GCF_011064825.1.fna	chromosome	5	5	5	9	5	5	5	5	5	5	9	5	7	5	5	5	5	8	5	5	6	5	8	5	5	5	5	6	5	5	5	5	5	9	5	5	5	7	5	5
/local/mrahman/magician/data/mooh_representative/Brevundimonas_sp_EYE_349_GCF_023147505.1.fna	chromosome	5	5	5	5	5	5	5	5	5	5	5	5	5	5	5	5	5	5	5	5	5	5	5	5	5	5	5	5	5	5	5	5	5	5	5	5	5	5	5	5
/local/mrahman/magician/data/mooh_representative/Brucella_anthropi_GCF_050990685.1.fna	chromosome	5	5	5	5	5	5	5	5	5	5	6	5	5	5	5	5	5	5	5	5	5	5	5	5	5	5	5	5	5	5	5	5	5	5	5	5	5	5	5	5
/local/mrahman/magician/data/mooh_representative/Bulleidia_extructa_GCF_049341045.1.fna	chromosome	5	5	5	5	5	5	5	5	5	15	5	5	5	11	5	12	5	5	5	5	5	5	5	5	5	5	5	5	5	5	5	5	9	5	5	5	5	5	11	5
/local/mrahman/magician/data/mooh_representative/Candida_albicans_GCA_041438225.1.fna	chromosome	5	5	5	5	5	5	5	5	5	5	5	5	5	5	5	5	5	5	5	5	5	5	5	5	5	5	5	5	5	5	5	5	5	5	5	5	5	5	5	5
/local/mrahman/magician/data/mooh_representative/Candida_parapsilosis_GCA_963989715.1.fna	chromosome	5	5	5	5	5	5	5	5	5	5	5	5	5	5	5	5	5	5	5	5	5	5	5	5	5	5	5	5	5	5	5	5	5	5	5	5	5	5	5	5
/local/mrahman/magician/data/mooh_representative/Candidatus_Nanogingivalis_gingivitcus_GCA_963530965.1.fna	chromosome	12	8	7	55	5	41	101	14	5	5	41	5	5	9	12	6	74	27	15	23	5	46	5	11	5	5	5	5	15	5	5	21	16	5	5	10	42	98	58	5
/local/mrahman/magician/data/mooh_representative/Candidatus_Nanoperiomorbus_periodonticus_GCF_004138455.1.fna	chromosome	31	5	43	18	5	5	5	5	5	5	5	5	5	5	5	5	5	5	5	5	5	7	5	5	10	34	5	5	5	5	5	11	5	5	5	5	5	5	5	5
/local/mrahman/magician/data/mooh_representative/Candidatus_Nanosynbacter_lyticus_GCF_046097505.1.fna	chromosome	5	5	5	5	10	5	5	5	9	5	5	5	13	5	5	5	5	5	14	5	5	20	5	5	5	5	5	5	5	5	5	5	6	5	5	5	5	5	7	5
/local/mrahman/magician/data/mooh_representative/Candidatus_Nanosynbacter_sp_HMT_352_GCF_021222645.1.fna	chromosome	45	5	11	9	13	13	7	5	5	5	30	5	23	5	5	5	13	10	25	5	5	5	7	5	16	5	5	5	5	19	18	5	7	8	28	32	5	6	5	53
/local/mrahman/magician/data/mooh_representative/Candidatus_Nanosynsacchari_sp_TM7_ANC_38_39_G1_1_GCF_004138385.1.fna	chromosome	30	24	15	49	15	19	43	44	12	16	36	109	28	14	105	30	5	61	6	12	5	13	29	58	57	74	6	11	21	9	49	9	11	61	7	21	25	32	17	23
/local/mrahman/magician/data/mooh_representative/Capnocytophaga_gingivalis_GCF_002302415.1.fna	chromosome	5	5	5	6	5	5	5	5	5	5	5	5	5	5	5	5	5	5	5	5	5	5	5	5	5	5	5	5	5	7	5	5	5	5	5	5	5	5	5	5
/local/mrahman/magician/data/mooh_representative/Capnocytophaga_leadbetteri_GCF_041734475.1.fna	chromosome	5	5	5	5	7	11	5	5	5	5	10	15	6	5	5	24	5	5	8	5	5	5	5	5	5	5	5	5	5	5	5	5	8	5	9	5	7	5	5	5
/local/mrahman/magician/data/mooh_representative/Capnocytophaga_sputigena_GCF_900638125.1.fna	chromosome	5	5	5	5	5	5	5	5	9	5	5	5	5	5	5	5	5	5	5	5	5	5	5	5	5	5	5	5	5	5	5	5	5	5	5	5	5	5	5	5
/local/mrahman/magician/data/mooh_representative/Cardiobacterium_hominis_GCF_043179105.1.fna	chromosome	5	5	5	5	5	5	5	5	5	5	5	5	5	5	5	5	5	7	5	5	5	5	5	5	5	8	5	5	5	5	5	5	5	5	5	5	25	5	5	5
/local/mrahman/magician/data/mooh_representative/Chryseobacterium_culicis_GCF_037479375.1.fna	chromosome	5	5	5	5	5	5	5	5	5	5	5	5	5	5	5	5	5	5	5	5	5	5	5	5	5	5	5	5	5	5	5	5	5	5	5	5	5	5	5	5
/local/mrahman/magician/data/mooh_representative/Chryseobacterium_indologenes_GCF_050821985.1.fna	chromosome	10	15	7	14	5	5	6	5	5	5	5	9	5	5	11	5	5	5	8	6	5	5	6	5	5	5	6	8	8	9	9	5	6	8	5	5	5	5	6	5
/local/mrahman/magician/data/mooh_representative/Chryseobacterium_phocaeense_GCF_900169075.1.fna	chromosome	5	5	5	7	5	5	5	5	8	5	5	5	5	5	5	5	5	5	5	5	5	5	5	5	5	5	5	5	5	6	5	5	5	5	5	5	5	5	5	5
/local/mrahman/magician/data/mooh_representative/Chryseobacterium_scophthalmum_GCF_046735985.1.fna	chromosome	5	5	5	5	5	5	5	5	5	5	5	5	5	5	5	5	5	5	5	5	5	5	5	5	5	5	5	5	5	5	5	5	5	5	5	5	5	5	5	5
/local/mrahman/magician/data/mooh_representative/Corynebacterium_accolens_GCF_030516055.1.fna	chromosome	5	11	32	5	6	5	18	6	7	5	10	12	9	7	5	26	8	5	5	9	15	10	10	16	17	5	11	8	5	25	10	5	27	9	35	9	9	6	8	20
/local/mrahman/magician/data/mooh_representative/Corynebacterium_bovis_GCF_030408615.1.fna	chromosome	5	5	5	5	5	5	5	5	5	7	5	5	5	5	14	5	5	5	5	5	5	5	5	5	5	5	5	5	5	5	5	5	5	5	5	5	5	5	5	5
/local/mrahman/magician/data/mooh_representative/Corynebacterium_durum_GCF_052367675.1.fna	chromosome	5	5	5	5	5	15	11	5	5	5	5	5	9	7	6	5	5	5	5	9	5	7	7	5	5	16	5	9	9	9	5	5	5	23	6	5	5	5	5	5
/local/mrahman/magician/data/mooh_representative/Corynebacterium_matruchotii_GCF_011612265.2.fna	chromosome	5	5	5	5	5	5	5	5	5	12	6	13	5	5	5	12	5	5	5	5	5	5	5	5	5	5	5	5	5	5	5	5	5	5	5	5	5	5	5	5
/local/mrahman/magician/data/mooh_representative/Cutibacterium_acnes_GCF_041410355.1.fna	chromosome	5	5	5	5	5	5	5	5	5	11	5	5	5	5	5	5	5	5	5	5	5	5	5	5	5	5	5	5	5	5	5	5	5	5	5	5	5	5	5	5
/local/mrahman/magician/data/mooh_representative/Delftia_acidovorans_GCF_965262575.1.fna	chromosome	8	5	5	5	5	5	5	5	5	6	5	5	5	5	5	5	5	5	7	12	9	10	11	5	5	5	5	7	5	5	9	5	5	5	5	5	5	5	5	5
/local/mrahman/magician/data/mooh_representative/Dialister_invisus_GCA_052357885.1.fna	chromosome	7	5	5	5	5	5	11	5	5	13	26	6	5	5	8	33	7	5	5	5	5	12	5	14	6	6	44	5	11	5	5	5	8	5	14	30	5	5	5	5
/local/mrahman/magician/data/mooh_representative/Eikenella_corrodens_GCF_019930845.1.fna	chromosome	5	5	5	5	5	5	5	5	5	5	5	5	5	5	5	5	5	5	5	5	5	5	5	5	7	5	5	5	5	5	7	5	5	5	5	5	5	5	5	5
/local/mrahman/magician/data/mooh_representative/Enterobacter_hormaechei_GCF_051799885.1.fna	chromosome	21	7	10	21	19	43	11	22	28	19	9	13	14	21	12	13	23	26	18	15	37	13	19	13	24	19	16	26	8	26	13	19	22	14	13	20	18	15	16	6
/local/mrahman/magician/data/mooh_representative/Enterobacter_ludwigii_GCF_050627035.1.fna	chromosome	5	5	5	5	5	5	5	5	5	5	5	5	5	5	5	5	5	5	5	5	5	5	5	5	5	5	5	5	5	5	5	5	5	5	5	5	5	5	5	5
/local/mrahman/magician/data/mooh_representative/Enterococcus_faecalis_GCF_052084695.1.fna	chromosome	5	5	5	5	20	5	17	12	5	5	10	18	10	26	15	9	15	23	7	13	9	8	5	6	20	12	11	5	7	14	8	11	9	22	13	5	8	5	13	7
/local/mrahman/magician/data/mooh_representative/Fusobacterium_nucleatum_GCF_050920715.1.fna	chromosome	7	5	5	5	5	5	5	5	5	5	5	5	5	5	5	5	5	5	5	5	5	5	5	5	5	5	5	5	5	5	5	5	5	5	5	5	5	5	5	5
/local/mrahman/magician/data/mooh_representative/Gemella_haemolysans_GCF_020097455.1.fna	chromosome	7	18	5	5	8	5	5	5	5	5	10	12	5	12	5	22	22	5	9	5	5	6	10	11	5	9	16	5	7	18	5	6	5	5	7	5	5	5	5	5
/local/mrahman/magician/data/mooh_representative/Gemella_morbillorum_GCF_020097435.1.fna	chromosome	5	5	5	14	17	5	5	5	5	5	5	5	5	13	5	5	5	5	15	8	5	8	46	5	5	6	5	5	5	5	5	5	5	5	11	5	5	5	5	5
/local/mrahman/magician/data/mooh_representative/Gemella_sanguinis_GCF_009730295.1.fna	chromosome	12	31	11	5	5	6	6	22	24	10	5	5	7	18	10	19	20	5	5	5	5	20	5	19	5	20	6	16	15	10	5	5	14	7	10	15	18	7	32	17
/local/mrahman/magician/data/mooh_representative/Granulicatella_adiacens_GCF_052369005.1.fna	chromosome	14	7	22	5	29	14	19	21	20	28	25	7	23	49	25	13	15	13	40	16	28	23	29	14	10	19	8	24	6	15	30	10	9	20	44	5	32	7	18	23
/local/mrahman/magician/data/mooh_representative/Haemophilus_haemolyticus_GCF_002985765.2.fna	chromosome	5	5	5	20	5	5	5	5	5	11	5	5	5	22	5	17	5	12	5	5	5	5	8	12	7	15	9	5	5	7	25	5	5	6	5	14	5	5	10	5
/local/mrahman/magician/data/mooh_representative/Haemophilus_parahaemolyticus_GCF_016889385.1.fna	chromosome	8	14	5	5	5	5	5	5	5	6	7	21	5	11	5	5	5	5	5	7	5	5	16	8	16	5	24	6	5	5	5	6	18	5	5	12	6	5	6	5
/local/mrahman/magician/data/mooh_representative/Haemophilus_parainfluenzae_GCF_036288925.1.fna	chromosome	10	7	12	17	20	13	13	7	8	28	12	9	13	5	10	17	10	9	23	12	33	23	5	7	6	18	26	24	15	11	14	10	6	18	23	38	15	16	18	8
/local/mrahman/magician/data/mooh_representative/Haemophilus_paraphrohaemolyticus_GCF_965245225.1.fna	chromosome	5	5	5	5	5	5	5	5	5	5	5	5	5	5	5	5	5	5	5	5	5	5	5	5	5	5	5	5	5	11	5	5	5	5	5	5	5	5	5	5
/local/mrahman/magician/data/mooh_representative/Haemophilus_sputorum_GCF_041433455.1.fna	chromosome	21	14	10	6	5	15	5	5	7	5	10	5	5	5	5	6	5	8	5	5	17	7	5	5	6	12	5	6	9	7	12	5	5	5	5	6	11	5	5	7
/local/mrahman/magician/data/mooh_representative/Janibacter_hoylei_GCF_042899565.1.fna	chromosome	11	14	11	11	11	5	5	11	9	5	17	29	16	13	9	11	10	10	14	5	17	5	26	14	21	6	16	10	6	18	5	12	11	13	7	10	7	17	5	8
/local/mrahman/magician/data/mooh_representative/Klebsiella_grimontii_GCF_050916255.1.fna	chromosome	5	5	5	5	5	5	5	5	5	5	5	5	5	5	5	5	5	5	5	5	5	5	5	5	5	5	5	5	5	5	5	5	5	5	5	5	5	5	5	5
/local/mrahman/magician/data/mooh_representative/Klebsiella_michiganensis_GCF_050990815.1.fna	chromosome	5	5	5	5	5	5	5	5	6	5	5	5	6	5	5	5	5	5	6	5	6	9	5	7	5	5	5	5	5	5	7	5	5	5	5	5	5	5	5	5
/local/mrahman/magician/data/mooh_representative/Klebsiella_pneumoniae_GCF_052063115.1.fna	chromosome	5	5	5	5	5	5	5	5	5	5	5	5	5	5	5	5	5	5	5	5	5	5	5	5	5	5	5	5	5	5	5	5	5	5	5	5	5	5	5	5
/local/mrahman/magician/data/mooh_representative/Kocuria_carniphila_GCF_042647725.1.fna	chromosome	5	5	5	5	5	6	10	5	9	5	5	5	5	5	5	5	5	5	5	5	5	5	5	5	5	5	5	5	9	5	5	5	5	5	5	5	5	5	9	5
/local/mrahman/magician/data/mooh_representative/Kocuria_massiliensis_GCF_027568535.1.fna	chromosome	5	5	5	5	5	5	5	5	5	5	5	5	5	5	5	5	5	5	5	5	17	5	5	5	5	5	5	5	5	5	5	5	5	5	5	5	5	5	5	5
/local/mrahman/magician/data/mooh_representative/Kocuria_palustris_GCF_049354735.1.fna	chromosome	5	9	5	5	5	5	5	5	5	5	5	5	5	5	5	5	5	5	11	7	6	5	5	5	5	5	5	5	8	5	5	5	6	5	5	5	5	5	5	5
/local/mrahman/magician/data/mooh_representative/Kocuria_rhizophila_GCF_050779905.1.fna	chromosome	7	17	14	10	9	5	11	57	11	5	10	5	14	5	6	5	14	12	5	6	7	5	11	15	36	5	5	13	20	19	10	21	23	5	6	8	17	11	18	6
/local/mrahman/magician/data/mooh_representative/Kocuria_salsicia_GCF_040686715.1.fna	chromosome	5	5	5	5	5	5	5	5	5	5	5	5	5	5	5	5	5	5	5	5	5	5	5	5	5	5	5	20	5	5	5	5	5	5	5	20	5	16	5	5
/local/mrahman/magician/data/mooh_representative/Lancefieldella_parvula_GCF_000024225.1.fna	chromosome	5	5	20	5	6	5	5	5	5	5	5	5	5	5	5	5	5	5	5	5	5	5	5	5	5	5	13	5	10	5	5	5	5	5	5	5	5	9	5	5
/local/mrahman/magician/data/mooh_representative/Lancefieldella_rimae_GCF_965240815.1.fna	chromosome	17	5	5	5	7	17	5	5	5	8	9	5	6	5	5	5	8	5	5	23	5	5	5	5	5	6	5	5	5	5	6	8	13	5	5	5	5	5	5	5
/local/mrahman/magician/data/mooh_representative/Lautropia_dentalis_GCA_965246495.1.fna	chromosome	5	5	5	5	5	5	5	5	5	5	5	5	5	5	5	5	5	5	5	5	10	5	5	5	5	5	5	5	5	5	5	5	5	5	5	5	5	5	5	5
/local/mrahman/magician/data/mooh_representative/Lautropia_mirabilis_GCF_037043395.1.fna	chromosome	5	5	5	5	5	9	11	7	5	5	5	12	5	5	18	11	5	7	5	5	18	6	12	5	5	5	21	9	7	13	5	5	5	5	6	5	9	5	11	13
/local/mrahman/magician/data/mooh_representative/Leptotrichia_sp_oral_taxon_215_GCF_000469505.1.fna	chromosome	5	5	5	5	5	5	5	5	5	5	5	5	5	5	5	5	5	5	5	5	5	5	5	5	5	6	5	5	5	5	5	5	5	5	5	5	5	5	5	5
/local/mrahman/magician/data/mooh_representative/Mesorhizobium_hungaricum_GCF_001705425.1.fna	chromosome	5	5	7	5	5	5	5	5	5	5	5	10	5	5	5	5	5	5	5	5	5	5	5	9	5	5	7	5	5	5	5	6	5	5	5	5	5	5	5	5
/local/mrahman/magician/data/mooh_representative/Microbacterium_maritypicum_GCF_041529975.1.fna	chromosome	5	5	6	7	5	5	5	5	5	5	5	5	5	5	6	5	5	5	5	5	5	5	5	5	5	5	5	5	5	5	5	5	5	5	5	5	5	5	5	5
/local/mrahman/magician/data/mooh_representative/Microbacterium_oxydans_GCF_050917465.1.fna	chromosome	5	5	5	5	5	5	5	5	5	5	5	5	5	5	5	5	5	5	5	5	5	5	5	5	5	5	5	5	5	5	5	5	5	5	5	5	5	5	5	5
/local/mrahman/magician/data/mooh_representative/Micrococcus_luteus_GCF_050574135.1.fna	chromosome	5	5	5	5	13	5	5	7	5	8	5	5	6	12	5	5	5	5	10	5	5	13	11	5	5	14	7	11	5	22	5	6	5	5	5	5	5	5	5	5
/local/mrahman/magician/data/mooh_representative/Mogibacterium_diversum_GCF_023303005.1.fna	chromosome	5	5	5	5	5	5	5	5	5	5	5	5	5	5	5	7	5	5	5	5	5	5	5	5	7	5	6	5	5	5	6	5	17	5	5	5	5	5	6	5
/local/mrahman/magician/data/mooh_representative/Mogibacterium_timidum_GCF_963536525.1.fna	chromosome	5	5	5	5	5	5	5	5	5	5	5	5	5	5	5	5	12	5	5	5	5	8	5	5	5	5	5	5	5	5	7	5	5	5	5	5	5	5	5	5
/local/mrahman/magician/data/mooh_representative/Moraxella_osloensis_GCF_040364415.1.fna	chromosome	23	23	19	24	10	21	12	15	27	17	15	10	27	11	7	13	15	17	22	12	13	17	22	17	22	22	9	16	5	5	26	22	11	12	21	16	7	26	9	14
/local/mrahman/magician/data/mooh_representative/Neisseria_bacilliformis_GCF_014055025.1.fna	chromosome	5	5	5	5	5	5	5	5	5	5	16	5	5	5	5	5	5	5	5	5	5	5	6	6	8	5	5	5	5	5	5	5	5	5	5	5	5	5	5	5
/local/mrahman/magician/data/mooh_representative/Neisseria_cinerea_GCF_016028715.1.fna	chromosome	5	5	5	5	5	5	5	5	5	5	5	5	5	5	11	5	5	5	5	5	5	5	5	5	5	5	5	5	5	5	5	5	5	5	5	5	5	5	15	5
/local/mrahman/magician/data/mooh_representative/Neisseria_elongata_GCF_003351685.1.fna	chromosome	11	5	5	5	5	6	5	5	5	13	5	5	5	5	5	5	5	6	5	29	9	5	5	5	5	14	17	5	5	5	5	6	10	5	5	5	5	5	5	5
/local/mrahman/magician/data/mooh_representative/Neisseria_sicca_GCF_019334765.1.fna	chromosome	21	8	6	21	24	11	16	10	17	18	5	8	5	8	16	7	6	31	10	23	19	13	8	16	9	11	9	13	19	13	22	25	7	15	5	14	11	33	34	13
/local/mrahman/magician/data/mooh_representative/Neisseria_sp_oral_taxon_014_GCF_905372545.1.fna	chromosome	8	5	5	6	8	5	13	5	11	17	9	5	5	5	13	5	5	5	5	5	5	5	11	5	10	5	8	5	6	5	25	15	5	5	5	22	10	5	5	7
/local/mrahman/magician/data/mooh_representative/Neisseria_subflava_GCF_031190635.1.fna	chromosome	65	64	66	43	69	44	72	56	54	53	84	48	45	46	58	66	97	67	53	78	79	49	71	62	35	42	81	50	62	108	48	73	55	80	39	55	96	76	98	75
/local/mrahman/magician/data/mooh_representative/Olsenella_sp_oral_taxon_807_GCF_001189515.2.fna	chromosome	7	5	5	5	5	5	5	5	5	5	5	5	5	5	5	5	5	5	5	5	5	5	5	9	5	5	5	5	5	5	5	5	5	5	5	5	5	8	9	5
/local/mrahman/magician/data/mooh_representative/Oribacterium_sinus_GCF_963553175.1.fna	chromosome	5	5	6	6	6	5	10	5	9	5	5	5	5	5	5	5	5	15	5	5	5	5	8	6	9	5	5	5	6	5	5	5	5	5	5	5	5	5	5	5
/local/mrahman/magician/data/mooh_representative/Oribacterium_sp_oral_taxon_078_GCF_000160135.1.fna	chromosome	5	5	5	5	5	5	5	5	8	5	5	5	5	5	5	5	5	5	5	5	5	5	5	11	5	8	5	5	5	5	5	5	9	5	5	5	5	5	5	5
/local/mrahman/magician/data/mooh_representative/Parvimonas_micra_GCF_037482165.1.fna	chromosome	5	5	6	5	5	6	5	5	14	15	6	5	12	5	6	6	5	19	10	5	15	5	5	5	5	5	5	5	19	5	14	5	7	5	5	5	5	5	5	5
/local/mrahman/magician/data/mooh_representative/Pauljensenia_hongkongensis_GCF_001746855.1.fna	chromosome	5	5	5	5	5	5	5	5	5	5	5	5	5	5	5	5	5	5	5	5	5	5	5	5	5	5	5	6	6	5	5	5	5	5	5	5	5	5	5	5
/local/mrahman/magician/data/mooh_representative/Peptostreptococcus_stomatis_GCF_052173935.1.fna	chromosome	5	28	5	5	10	5	5	13	5	5	5	5	5	5	5	5	5	5	5	5	5	5	5	5	5	7	5	5	5	5	5	11	5	5	5	5	5	5	5	5
/local/mrahman/magician/data/mooh_representative/Porphyromonas_bobii_GCF_943169685.1.fna	chromosome	12	51	20	9	12	32	22	16	19	42	29	43	18	16	15	14	8	36	17	39	16	49	16	17	30	26	17	10	13	33	16	9	35	35	16	13	20	19	14	9
/local/mrahman/magician/data/mooh_representative/Porphyromonas_endodontalis_GCF_020097375.1.fna	chromosome	5	5	5	5	5	5	5	5	5	5	5	5	5	5	5	5	5	5	5	5	5	5	5	7	6	5	5	5	5	5	5	5	5	5	5	7	5	5	5	5
/local/mrahman/magician/data/mooh_representative/Prevotella_melaninogenica_GCF_020735905.1.fna	chromosome	5	5	5	5	9	5	5	5	5	5	5	5	5	5	5	5	5	5	5	5	5	5	5	5	9	5	5	5	5	5	7	5	5	5	7	5	5	5	5	5
/local/mrahman/magician/data/mooh_representative/Prevotella_nanceiensis_GCF_963553995.1.fna	chromosome	5	5	5	5	5	5	5	5	5	5	5	5	5	5	5	5	5	5	5	5	5	5	6	5	5	5	5	5	5	5	5	5	5	5	5	5	5	5	5	5
/local/mrahman/magician/data/mooh_representative/Pseudomonas_aeruginosa_GCF_051989275.1.fna	chromosome	5	5	5	5	8	5	5	5	5	5	5	5	5	5	5	5	5	5	5	5	5	5	5	5	5	5	5	5	5	5	5	6	5	6	5	5	5	5	5	5
/local/mrahman/magician/data/mooh_representative/Pseudomonas_atacamensis_GCF_040703105.1.fna	chromosome	5	5	5	5	5	5	6	8	5	5	5	5	5	5	5	5	5	5	7	5	5	5	5	5	5	5	5	5	5	5	5	5	5	5	5	5	5	5	5	5
/local/mrahman/magician/data/mooh_representative/Pseudomonas_brenneri_GCF_030370465.1.fna	chromosome	5	5	5	5	5	5	5	5	5	5	5	5	5	5	5	5	5	5	5	5	5	5	5	5	5	5	8	5	5	5	5	5	5	5	5	5	5	5	5	5
/local/mrahman/magician/data/mooh_representative/Pseudomonas_fragi_GCF_046268055.1.fna	chromosome	5	5	5	5	5	5	5	5	5	5	5	5	5	5	5	5	5	5	5	5	5	5	5	5	5	5	5	5	5	5	5	5	5	5	5	5	5	5	5	5
/local/mrahman/magician/data/mooh_representative/Pseudomonas_fulva_GCF_050517415.1.fna	chromosome	7	5	5	5	5	6	5	5	5	5	6	5	5	5	9	5	5	16	5	5	5	5	6	5	5	5	5	5	6	5	5	5	5	5	5	5	10	5	5	6
/local/mrahman/magician/data/mooh_representative/Pseudomonas_juntendi_GCF_037094725.1.fna	chromosome	5	5	5	5	5	6	5	5	5	5	5	8	5	5	5	5	5	6	5	5	5	5	5	5	5	5	5	5	5	5	5	5	5	5	7	5	7	5	5	6
/local/mrahman/magician/data/mooh_representative/Pseudomonas_lactis_GCA_036967185.1.fna	chromosome	5	5	5	5	5	5	5	5	5	5	5	5	5	5	5	8	5	5	5	5	5	5	5	5	5	5	5	5	5	5	5	5	5	5	5	5	5	5	5	5
/local/mrahman/magician/data/mooh_representative/Pseudomonas_luteola_GCF_051028725.1.fna	chromosome	5	5	5	5	5	5	5	5	5	5	5	5	5	5	5	5	5	5	5	5	5	5	5	5	5	5	5	5	5	5	5	5	5	5	5	5	5	5	5	5
/local/mrahman/magician/data/mooh_representative/Pseudomonas_proteolytica_GCF_024123875.1.fna	chromosome	5	5	5	5	5	5	5	5	5	5	5	5	5	5	5	5	5	7	5	5	5	5	5	5	5	5	5	5	5	5	5	5	5	5	5	5	5	5	5	5
/local/mrahman/magician/data/mooh_representative/Pseudomonas_putida_GCF_052075905.1.fna	chromosome	10	7	5	5	5	5	6	5	5	5	5	6	12	5	6	7	5	6	5	5	5	5	5	6	5	5	5	6	5	5	5	5	5	5	5	6	5	6	5	5
/local/mrahman/magician/data/mooh_representative/Pseudomonas_qingdaonensis_GCF_030505435.1.fna	chromosome	5	5	5	5	5	5	5	5	5	5	5	5	5	5	5	5	5	5	5	5	5	5	5	5	5	5	5	5	5	5	5	5	5	5	5	6	5	5	5	5
/local/mrahman/magician/data/mooh_representative/Pseudomonas_rustica_GCF_049959085.1.fna	chromosome	5	5	5	5	5	5	5	5	5	5	5	5	5	5	5	5	5	5	5	5	5	5	5	5	5	5	5	5	5	5	5	5	5	5	5	7	5	5	5	5
/local/mrahman/magician/data/mooh_representative/Pseudoxanthomonas_mexicana_GCF_046736355.1.fna	chromosome	5	5	8	7	5	5	5	6	5	5	5	5	5	6	10	5	5	12	5	5	6	7	5	5	5	5	5	5	7	5	5	5	5	5	5	5	5	5	5	5
/local/mrahman/magician/data/mooh_representative/Rhizobium_oryzihabitans_GCF_010669145.1.fna	chromosome	5	5	9	5	7	5	5	7	5	5	5	7	14	6	5	7	5	14	5	7	34	12	5	12	5	20	12	11	6	5	5	5	5	6	7	6	17	9	7	5
/local/mrahman/magician/data/mooh_representative/Rhizobium_pusense_GCF_031326085.1.fna	chromosome	5	5	5	10	7	8	9	8	10	5	5	8	9	5	7	13	14	20	5	6	8	12	5	16	10	8	10	5	9	8	7	8	8	6	12	6	20	8	14	5
/local/mrahman/magician/data/mooh_representative/Rhodococcus_qingshengii_GCA_965263445.1.fna	chromosome	5	5	5	5	5	5	5	5	5	5	5	5	5	5	5	5	5	5	12	5	5	5	5	5	5	5	5	5	5	5	5	5	5	5	5	5	5	5	5	9
/local/mrahman/magician/data/mooh_representative/Rothia_aeria_GCF_019334745.1.fna	chromosome	5	14	23	5	5	8	18	5	8	10	8	13	5	5	7	14	6	12	15	11	5	6	16	5	12	30	10	24	6	5	12	12	11	5	15	32	7	18	5	11
/local/mrahman/magician/data/mooh_representative/Rothia_mucilaginosa_GCF_049990865.1.fna	chromosome	247	319	240	274	259	252	278	274	289	271	224	215	331	299	296	248	310	244	283	249	253	311	310	257	286	288	268	318	299	304	280	443	350	358	377	284	273	303	255	278
/local/mrahman/magician/data/mooh_representative/Scardovia_wiggsiae_GCF_051045985.1.fna	chromosome	5	5	5	5	5	35	5	5	34	5	5	5	5	5	5	5	5	5	8	5	5	5	7	5	5	9	5	5	5	5	5	5	5	5	17	7	5	5	5	5
/local/mrahman/magician/data/mooh_representative/Schaalia_georgiae_GCF_003933715.1.fna	chromosome	5	5	5	5	5	5	5	5	5	5	5	5	5	5	5	5	5	5	5	5	5	5	5	5	5	5	5	5	5	5	5	5	5	5	5	5	5	5	5	5
/local/mrahman/magician/data/mooh_representative/Schaalia_meyeri_GCF_016127995.1.fna	chromosome	13	17	13	9	6	9	9	5	5	5	5	8	13	5	9	5	5	5	5	5	5	8	5	5	9	5	5	5	8	5	5	14	5	5	5	5	9	5	5	24
/local/mrahman/magician/data/mooh_representative/Schaalia_odontolytica_GCF_031191545.1.fna	chromosome	25	6	14	6	36	31	22	30	23	14	7	14	11	21	15	23	24	21	13	14	21	30	10	8	34	29	17	14	17	48	22	27	29	19	20	23	17	41	22	17
/local/mrahman/magician/data/mooh_representative/Selenomonas_noxia_GCF_965241795.1.fna	chromosome	5	5	5	5	5	5	5	5	5	5	5	8	5	5	5	7	5	5	10	11	5	5	5	5	5	5	5	5	5	5	5	32	5	5	13	5	5	5	5	5
/local/mrahman/magician/data/mooh_representative/Serratia_liquefaciens_GCF_048537535.1.fna	chromosome	5	5	5	5	5	5	5	5	5	5	5	5	5	5	5	5	5	5	5	5	5	5	5	5	5	5	5	5	5	5	5	5	5	5	7	5	5	5	5	5
/local/mrahman/magician/data/mooh_representative/Serratia_marcescens_GCF_052045055.1.fna	chromosome	5	5	5	5	5	5	5	5	5	5	5	5	5	5	5	5	5	5	5	5	5	5	5	5	5	5	5	5	5	5	5	5	5	6	5	5	5	5	5	5
/local/mrahman/magician/data/mooh_representative/Shinella_sp_DD12_GCF_000496935.2.fna	chromosome	5	5	5	5	5	5	5	5	5	5	5	5	5	5	5	5	5	5	5	5	5	5	5	5	5	5	5	5	5	5	5	5	5	5	5	5	5	5	5	5
/local/mrahman/magician/data/mooh_representative/Shuttleworthia_satelles_GCF_963543355.1.fna	chromosome	5	5	5	5	5	5	5	5	5	5	5	5	5	5	5	5	5	5	5	5	5	5	5	5	5	5	5	5	5	5	5	5	5	5	5	5	5	5	5	5
/local/mrahman/magician/data/mooh_representative/Solobacterium_moorei_GCF_036323475.1.fna	chromosome	5	5	5	5	11	5	5	8	5	5	5	5	5	5	5	5	5	5	5	5	5	5	5	5	5	5	5	5	5	5	5	5	5	5	5	5	5	5	5	5
/local/mrahman/magician/data/mooh_representative/Sphingobacterium_spiritivorum_GCF_034424195.1.fna	chromosome	5	5	9	6	5	5	5	5	5	5	5	5	5	5	5	5	5	8	5	13	5	5	5	5	5	9	5	5	5	5	5	5	5	5	5	5	7	5	5	5
/local/mrahman/magician/data/mooh_representative/Sphingobium_yanoikuyae_GCF_034424525.1.fna	chromosome	5	5	5	6	5	5	5	5	7	5	5	5	5	5	5	5	5	7	5	5	5	5	5	5	5	5	5	8	5	5	5	5	5	5	5	5	5	5	5	5
/local/mrahman/magician/data/mooh_representative/Sphingomonas_koreensis_GCF_001922385.1.fna	chromosome	5	5	5	5	5	5	5	5	5	5	5	5	5	5	5	5	5	5	5	5	5	5	5	5	5	5	5	5	5	5	5	5	5	5	5	5	8	5	5	5
/local/mrahman/magician/data/mooh_representative/Sphingomonas_sp_JUb134_GCF_004341505.2.fna	chromosome	5	5	5	5	5	8	5	5	5	5	5	5	6	5	5	5	5	5	5	5	5	5	5	5	5	5	5	5	5	5	5	6	5	5	5	5	5	5	5	5
/local/mrahman/magician/data/mooh_representative/Sphingopyxis_microcysteis_GCF_012274265.1.fna	chromosome	5	5	5	5	5	5	5	5	5	5	5	5	5	5	5	5	5	5	5	5	5	5	5	5	5	5	5	5	5	5	5	5	6	5	5	5	5	5	5	5
/local/mrahman/magician/data/mooh_representative/Staphylococcus_argenteus_GCF_051473475.1.fna	chromosome	5	9	5	5	14	5	5	5	7	7	5	5	5	5	5	5	5	7	5	5	5	5	5	5	5	5	5	5	5	5	5	5	5	5	5	5	5	5	5	5
/local/mrahman/magician/data/mooh_representative/Staphylococcus_aureus_GCF_052363745.1.fna	chromosome	34	50	32	39	54	56	52	27	70	47	47	31	43	29	24	41	25	32	23	62	53	75	47	54	58	22	41	69	48	71	43	51	49	124	49	103	69	54	46	56
/local/mrahman/magician/data/mooh_representative/Staphylococcus_epidermidis_GCF_052063235.1.fna	chromosome	25	5	5	29	18	19	7	9	22	6	13	5	7	11	26	5	9	12	11	10	14	6	23	13	9	8	29	14	15	8	16	5	14	6	20	13	5	5	7	13
/local/mrahman/magician/data/mooh_representative/Staphylococcus_haemolyticus_GCF_049262575.1.fna	chromosome	5	5	13	5	5	5	5	5	5	5	5	5	8	12	10	5	5	5	16	5	5	5	5	5	5	10	11	5	5	5	5	5	5	5	5	5	5	5	7	11
/local/mrahman/magician/data/mooh_representative/Staphylococcus_lugdunensis_GCF_050882105.1.fna	chromosome	5	5	5	5	5	5	5	5	5	5	9	5	5	5	5	5	5	5	5	5	12	5	5	5	5	5	5	5	7	5	5	5	5	5	5	5	5	5	5	5
/local/mrahman/magician/data/mooh_representative/Staphylococcus_pasteuri_GCF_025558385.1.fna	chromosome	5	5	5	5	5	5	5	5	5	5	5	7	5	9	5	5	5	5	5	5	5	5	5	5	5	5	5	5	5	5	5	5	5	5	5	5	5	5	5	5
/local/mrahman/magician/data/mooh_representative/Staphylococcus_saprophyticus_GCF_050916785.1.fna	chromosome	5	19	6	5	5	5	5	5	5	5	5	5	5	5	5	5	5	5	5	5	5	5	5	5	7	5	5	5	5	5	13	5	5	5	5	5	7	9	5	5
/local/mrahman/magician/data/mooh_representative/Staphylococcus_warneri_GCF_040409895.1.fna	chromosome	15	8	27	7	19	20	26	21	16	7	17	6	5	10	13	19	5	9	21	30	13	10	5	5	7	13	10	9	6	5	17	7	6	10	14	20	5	19	13	19
/local/mrahman/magician/data/mooh_representative/Stenotrophomonas_indicatrix_GCF_050920545.1.fna	chromosome	7	5	6	9	9	5	7	10	5	5	5	6	19	5	5	8	5	5	5	6	8	5	5	10	5	5	11	6	5	5	5	5	5	5	10	5	5	5	5	5
/local/mrahman/magician/data/mooh_representative/Stenotrophomonas_maltophilia_GCF_052149065.1.fna	chromosome	24	41	26	26	20	22	29	26	19	31	20	18	18	25	36	23	29	32	11	21	23	24	16	37	29	22	42	17	28	30	16	15	25	21	20	27	25	17	19	13
/local/mrahman/magician/data/mooh_representative/Stenotrophomonas_rhizophila_GCF_050917505.1.fna	chromosome	5	5	5	5	5	5	5	5	5	5	5	5	5	6	5	5	5	5	5	5	5	5	5	5	5	5	5	5	5	5	5	5	5	5	5	5	5	5	5	5
/local/mrahman/magician/data/mooh_representative/Streptococcus_anginosus_GCF_050613235.1.fna	chromosome	5	8	22	6	5	5	5	5	5	14	9	7	5	5	5	7	11	5	8	10	8	5	5	5	5	9	5	11	7	11	17	14	21	9	5	5	13	10	5	10
/local/mrahman/magician/data/mooh_representative/Streptococcus_australis_GCF_901543175.1.fna	chromosome	52	91	60	83	57	65	83	57	55	40	57	88	71	73	47	78	58	38	32	61	74	55	72	71	54	42	69	34	36	48	65	41	50	55	80	40	42	80	75	59
/local/mrahman/magician/data/mooh_representative/Streptococcus_constellatus_GCF_019336935.2.fna	chromosome	5	5	5	6	6	5	5	8	9	5	6	5	5	5	5	5	5	5	5	5	11	5	5	35	5	5	5	14	5	5	5	5	5	5	5	5	5	5	9	9
/local/mrahman/magician/data/mooh_representative/Streptococcus_cristatus_GCF_011612585.1.fna	chromosome	5	5	8	6	5	5	5	5	21	7	5	5	18	12	5	5	6	16	5	5	6	14	5	5	5	5	13	5	14	9	5	17	6	5	5	5	5	5	10	5
/local/mrahman/magician/data/mooh_representative/Streptococcus_gordonii_GCF_051054895.1.fna	chromosome	73	53	78	51	40	78	58	51	50	70	45	36	56	69	44	57	50	69	78	50	86	66	72	55	81	67	79	54	89	45	40	61	71	33	67	30	82	19	96	44
/local/mrahman/magician/data/mooh_representative/Streptococcus_infantis_GCF_021497965.1.fna	chromosome	5	5	5	5	5	5	5	5	5	5	5	5	5	5	5	5	5	5	5	5	5	5	5	6	5	5	5	5	5	5	5	5	5	5	5	5	5	5	5	5
/local/mrahman/magician/data/mooh_representative/Streptococcus_intermedius_GCF_032937075.1.fna	chromosome	19	6	11	8	15	10	19	20	5	9	26	5	5	5	35	14	18	30	17	10	11	23	6	15	19	14	8	16	18	27	7	5	31	16	9	7	17	17	17	7
/local/mrahman/magician/data/mooh_representative/Streptococcus_mitis_GCF_018603625.2.fna	chromosome	156	79	170	106	147	119	110	187	155	119	176	119	138	102	141	128	129	133	139	136	124	137	173	159	81	146	104	185	126	143	141	98	88	111	98	126	137	142	134	131
/local/mrahman/magician/data/mooh_representative/Streptococcus_oralis_GCF_051546135.1.fna	chromosome	190	249	267	248	268	254	202	234	255	284	142	285	225	176	222	268	197	174	249	239	184	151	144	169	245	184	167	139	225	136	182	110	176	165	162	171	188	175	147	218
/local/mrahman/magician/data/mooh_representative/Streptococcus_parasanguinis_GCF_018619375.2.fna	chromosome	99	56	52	69	67	41	62	74	69	86	79	66	113	93	117	62	88	100	62	88	77	79	76	61	78	76	54	97	80	82	59	89	71	79	68	71	77	61	107	69
/local/mrahman/magician/data/mooh_representative/Streptococcus_rubneri_GCF_019334785.1.fna	chromosome	14	5	5	9	16	5	7	5	6	10	5	15	17	5	5	5	5	6	5	16	19	5	5	5	7	5	9	35	5	17	20	5	5	5	5	6	16	5	5	5
/local/mrahman/magician/data/mooh_representative/Streptococcus_salivarius_GCF_018599045.2.fna	chromosome	32	67	17	35	57	40	45	35	28	35	56	33	31	53	43	20	34	36	30	36	55	55	21	15	79	24	55	29	29	38	29	31	28	59	91	36	32	36	35	29
/local/mrahman/magician/data/mooh_representative/Streptococcus_sanguinis_GCF_050235035.1.fna	chromosome	38	37	77	28	16	17	51	41	39	45	50	46	23	46	41	34	35	20	36	22	27	35	35	55	42	43	40	63	50	38	48	29	68	41	36	40	23	35	19	20
/local/mrahman/magician/data/mooh_representative/Streptococcus_sp_F0442_GCF_000314795.2.fna	chromosome	7	5	5	20	5	6	5	5	15	6	18	5	5	7	5	5	6	13	9	9	7	5	5	14	14	5	5	5	10	5	5	22	5	5	5	7	8	6	6	32
/local/mrahman/magician/data/mooh_representative/Streptococcus_vestibularis_GCF_018619455.2.fna	chromosome	11	32	18	33	10	32	14	36	26	36	11	10	19	28	24	12	39	6	24	16	21	13	31	33	5	9	16	20	28	12	10	22	14	22	15	36	6	28	25	29
/local/mrahman/magician/data/mooh_representative/Tannerella_serpentiformis_GCF_001717525.2.fna	chromosome	5	5	5	5	5	5	5	5	5	5	5	5	5	5	5	5	5	5	5	5	5	5	5	5	5	5	5	5	5	5	5	5	10	5	5	5	5	5	5	5
/local/mrahman/magician/data/mooh_representative/Tsukamurella_pulmonis_GCF_022179485.1.fna	chromosome	5	5	5	5	5	5	5	5	5	5	7	5	5	5	5	5	5	5	5	5	5	5	5	5	5	5	5	5	5	6	5	5	5	5	5	5	5	5	5	5
/local/mrahman/magician/data/mooh_representative/Veillonella_atypica_GCF_002082765.1.fna	chromosome	5	5	9	5	12	5	5	5	5	5	5	5	5	5	5	5	5	5	9	5	5	11	5	5	5	11	18	5	5	5	5	5	6	5	5	5	8	5	5	5
/local/mrahman/magician/data/mooh_representative/Veillonella_dispar_GCF_900637515.1.fna	chromosome	34	12	23	12	23	47	34	12	9	12	8	23	18	27	13	12	9	30	34	13	28	14	15	16	24	14	30	26	14	21	18	13	40	21	19	8	12	25	26	46
/local/mrahman/magician/data/mooh_representative/Veillonella_parvula_GCF_042850485.1.fna	chromosome	55	71	45	32	47	51	17	43	29	45	36	66	42	76	14	33	59	59	39	53	17	57	78	52	30	46	53	49	63	38	69	24	21	68	35	51	38	30	18	34
/local/mrahman/magician/data/mooh_representative/Veillonella_rogosae_GCF_028743475.1.fna	chromosome	42	33	28	60	26	33	45	56	47	75	34	54	56	55	26	72	51	23	56	84	21	29	39	26	53	24	19	51	88	37	35	26	39	30	38	73	41	57	78	47
/local/mrahman/magician/data/mooh_representative/Veillonella_sp_3627_GCF_003992195.1.fna	chromosome	5	5	5	5	5	6	5	5	5	5	5	5	5	5	5	5	5	5	5	5	9	5	5	5	5	5	5	5	6	5	5	11	5	5	9	5	5	5	5	5
