genome,is_DA,true_log2FC,genome_size_bp,size_scaling_factor,direction
Abiotrophia_defectiva_GCF_037041345.1.fna,False,0.0,2045142,1.3037168079282515,none
Abiotrophia_sp_HMSC24B09_GCF_905372995.1.fna,True,-0.3770696490798233,1841231,1.4480996681024814,down
Achromobacter_insuavis_GCA_038049915.1.fna,False,0.0,6596777,0.4041801018891498,none
Achromobacter_mucicolens_GCF_964252965.1.fna,False,0.0,6183868,0.4311680003518833,none
Acinetobacter_guillouiae_GCF_965240475.1.fna,True,0.48542682717024166,4559728,0.5847467217342789,up
Acinetobacter_johnsonii_GCF_050157305.1.fna,False,0.0,3798074,0.702010018762141,none
Acinetobacter_junii_GCF_035320785.1.fna,False,0.0,3373806,0.7902902537964542,none
Acinetobacter_lwoffii_GCF_050703235.1.fna,False,0.0,3697246,0.7211546107562223,none
Acinetobacter_parvus_GCF_046297515.1.fna,False,0.0,2632323,1.0129022920059583,none
Acinetobacter_pittii_GCF_050367435.1.fna,False,0.0,3964781,0.6724926294794088,none
Acinetobacter_radioresistens_GCF_047946995.1.fna,False,0.0,3161054,0.8434800544375388,none
Acinetobacter_sp_ANC_4204_GCF_002135205.1.fna,False,0.0,3895580,0.6844387742005041,none
Acinetobacter_ursingii_GCF_041501495.1.fna,False,0.0,3688176,0.7229280815232245,none
Actinobaculum_sp_oral_taxon_183_GCF_000466165.1.fna,False,0.0,2366015,1.1269100153633853,none
Actinomyces_bouchesdurhonensis_GCF_965245965.1.fna,True,-0.3770696490798233,2298694,1.159913411702471,down
Actinomyces_dentalis_GCA_965240955.1.fna,False,0.0,3121394,0.8541971952275169,none
Actinomyces_gerencseriae_GCA_965242215.1.fna,False,0.0,2091583,1.274769397150388,none
Actinomyces_graevenitzii_GCA_023302925.1.fna,False,0.0,2130963,1.2512117760843338,none
Actinomyces_israelii_GCF_030253495.1.fna,False,0.0,3980311,0.6698687615113492,none
Actinomyces_johnsonii_GCF_052112905.1.fna,False,0.0,3463728,0.7697734926068097,none
Actinomyces_massiliensis_GCF_030644185.1.fna,False,0.0,3476513,0.7669426232549684,none
Actinomyces_naeslundii_GCF_023170065.1.fna,False,0.0,3204077,0.8321541585923184,none
Actinomyces_oris_GCF_051027575.1.fna,False,0.0,3042829,0.8762523296576968,none
Actinomyces_sp_HMT897_GCF_016626125.1.fna,False,0.0,3281265,0.8125786853545812,none
Actinomyces_sp_ICM47_GCF_905370305.1.fna,False,0.0,2211586,1.205599058775015,none
Actinomyces_sp_oral_taxon_448_GCF_905373145.1.fna,False,0.0,2674657,0.9968702528959789,none
Actinomyces_sp_ph3_GCF_000308055.1.fna,False,0.0,1864179,1.4302735949712984,none
Aggregatibacter_kilianii_GCF_963554095.1.fna,True,-0.3770696490798233,2143014,1.244175726336832,down
Agrobacterium_tomkonis_GCF_020218035.1.fna,True,0.48542682717024166,5485213,0.4860861374025038,up
Arachnia_propionica_GCF_046846385.1.fna,False,0.0,3395728,0.785188330749695,none
Arachnia_rubra_GCF_037055315.1.fna,False,0.0,3316918,0.8038444121922821,none
Brevundimonas_aurantiaca_GCF_046293355.1.fna,False,0.0,3293850,0.8094740197641058,none
Brevundimonas_diminuta_GCF_050310045.1.fna,False,0.0,3272449,0.8147677778935593,none
Brevundimonas_mediterranea_GCF_011064825.1.fna,False,0.0,3383373,0.7880555883137922,none
Brevundimonas_sp_EYE_349_GCF_023147505.1.fna,False,0.0,3443321,0.7743355905534222,none
Brucella_anthropi_GCF_050990685.1.fna,False,0.0,4682619,0.5694005854416087,none
Bulleidia_extructa_GCF_049341045.1.fna,True,-0.3770696490798233,1377588,1.9354741766043257,down
Candida_albicans_GCA_041438225.1.fna,False,0.0,14502115,0.18385497563631237,none
Candida_parapsilosis_GCA_963989715.1.fna,False,0.0,13069995,0.2040005371080861,none
Candidatus_Nanogingivalis_gingivitcus_GCA_963530965.1.fna,False,0.0,525600,5.072842465753425,none
Candidatus_Nanoperiomorbus_periodonticus_GCF_004138455.1.fna,True,0.48542682717024166,740889,3.598765807023724,up
Candidatus_Nanosynbacter_lyticus_GCF_046097505.1.fna,False,0.0,748637,3.5615204698672387,none
Candidatus_Nanosynbacter_sp_HMT_352_GCF_021222645.1.fna,False,0.0,677938,3.9329348701503677,none
Candidatus_Nanosynsacchari_sp_TM7_ANC_38_39_G1_1_GCF_004138385.1.fna,False,0.0,756930,3.5225000990844597,none
Capnocytophaga_gingivalis_GCF_002302415.1.fna,True,0.48542682717024166,2838633,0.9392852122835181,up
Capnocytophaga_leadbetteri_GCF_041734475.1.fna,False,0.0,2652721,1.005113617300877,none
Capnocytophaga_sputigena_GCF_900638125.1.fna,False,0.0,2933908,0.9087830974931729,none
Cardiobacterium_hominis_GCF_043179105.1.fna,False,0.0,2657915,1.0031494611377716,none
Chryseobacterium_culicis_GCF_037479375.1.fna,True,-0.3770696490798233,5011784,0.5320033744471031,down
Chryseobacterium_indologenes_GCF_050821985.1.fna,False,0.0,4976911,0.5357310990692822,none
Chryseobacterium_phocaeense_GCF_900169075.1.fna,False,0.0,4864679,0.5480908401150415,none
Chryseobacterium_scophthalmum_GCF_046735985.1.fna,False,0.0,4292624,0.6211319696297649,none
Corynebacterium_accolens_GCF_030516055.1.fna,False,0.0,2479006,1.0755464085201891,none
Corynebacterium_bovis_GCF_030408615.1.fna,False,0.0,2652582,1.0051662870365554,none
Corynebacterium_durum_GCF_052367675.1.fna,False,0.0,2824324,0.9440439552969135,none
Corynebacterium_matruchotii_GCF_011612265.2.fna,False,0.0,2866540,0.9301408666894584,none
Cutibacterium_acnes_GCF_041410355.1.fna,False,0.0,2550458,1.045414588281791,none
Delftia_acidovorans_GCF_965262575.1.fna,False,0.0,6727603,0.3963203536237201,none
Dialister_invisus_GCA_052357885.1.fna,True,0.48542682717024166,1184722,2.2505583588386138,up
Eikenella_corrodens_GCF_019930845.1.fna,False,0.0,2192571,1.2160545770239595,none
Enterobacter_hormaechei_GCF_051799885.1.fna,False,0.0,4633097,0.5754867640371009,none
Enterobacter_ludwigii_GCF_050627035.1.fna,False,0.0,4983446,0.535028572598158,none
Enterococcus_faecalis_GCF_052084695.1.fna,False,0.0,2960119,0.9007360852722475,none
Fusobacterium_nucleatum_GCF_050920715.1.fna,True,0.48542682717024166,2181504,1.2222237502200317,up
Gemella_haemolysans_GCF_020097455.1.fna,False,0.0,1928240,1.3827562958967763,none
Gemella_morbillorum_GCF_020097435.1.fna,False,0.0,1760933,1.5141325649527835,none
Gemella_sanguinis_GCF_009730295.1.fna,False,0.0,1796606,1.4840682932150955,none
Granulicatella_adiacens_GCF_052369005.1.fna,False,0.0,1921129,1.387874525864739,none
Haemophilus_haemolyticus_GCF_002985765.2.fna,False,0.0,1915771,1.3917561128130658,none
Haemophilus_parahaemolyticus_GCF_016889385.1.fna,False,0.0,2093459,1.2736270450006424,none
Haemophilus_parainfluenzae_GCF_036288925.1.fna,False,0.0,2228071,1.1966791004415926,none
Haemophilus_paraphrohaemolyticus_GCF_965245225.1.fna,False,0.0,2043706,1.30463285815083,none
Haemophilus_sputorum_GCF_041433455.1.fna,False,0.0,2018728,1.3207752604610428,none
Janibacter_hoylei_GCF_042899565.1.fna,False,0.0,3379106,0.7890507134135478,none
Klebsiella_grimontii_GCF_050916255.1.fna,False,0.0,6510472,0.4095380488542152,none
Klebsiella_michiganensis_GCF_050990815.1.fna,False,0.0,5969608,0.4466433976904346,none
Klebsiella_pneumoniae_GCF_052063115.1.fna,False,0.0,5546485,0.48071634557742426,none
Kocuria_carniphila_GCF_042647725.1.fna,False,0.0,3597231,0.7412051102639781,none
Kocuria_massiliensis_GCF_027568535.1.fna,False,0.0,2732824,0.9756522922808055,none
Kocuria_palustris_GCF_049354735.1.fna,False,0.0,2844461,0.9373607161427068,none
Kocuria_rhizophila_GCF_050779905.1.fna,False,0.0,2861824,0.9316736458985598,none
Kocuria_salsicia_GCF_040686715.1.fna,True,0.48542682717024166,2828243,0.9427358257405746,up
Lancefieldella_parvula_GCF_000024225.1.fna,False,0.0,1543805,1.7270872940559203,none
Lancefieldella_rimae_GCF_965240815.1.fna,False,0.0,1758745,1.5160162502238812,none
Lautropia_dentalis_GCA_965246495.1.fna,False,0.0,2583016,1.032237508401032,none
Lautropia_mirabilis_GCF_037043395.1.fna,False,0.0,3162028,0.8432202371389501,none
Leptotrichia_sp_oral_taxon_215_GCF_000469505.1.fna,False,0.0,2308492,1.1549903573415026,none
Mesorhizobium_hungaricum_GCF_001705425.1.fna,False,0.0,6303257,0.4230013150344338,none
Microbacterium_maritypicum_GCF_041529975.1.fna,False,0.0,3895529,0.6844477348262585,none
Microbacterium_oxydans_GCF_050917465.1.fna,True,-0.3770696490798233,3994899,0.6674226307098127,down
Micrococcus_luteus_GCF_050574135.1.fna,False,0.0,2515701,1.0598580673935416,none
Mogibacterium_diversum_GCF_023303005.1.fna,False,0.0,1770007,1.5063703137897195,none
Mogibacterium_timidum_GCF_963536525.1.fna,False,0.0,1424176,1.8721604633135231,none
Moraxella_osloensis_GCF_040364415.1.fna,False,0.0,2850010,0.9355356647871411,none
Neisseria_bacilliformis_GCF_014055025.1.fna,False,0.0,2492712,1.069632592934924,none
Neisseria_cinerea_GCF_016028715.1.fna,False,0.0,1832901,1.4546808583769664,none
Neisseria_elongata_GCF_003351685.1.fna,False,0.0,2534634,1.0519412270173918,none
Neisseria_sicca_GCF_019334765.1.fna,False,0.0,2291167,1.1637239886922255,none
Neisseria_sp_oral_taxon_014_GCF_905372545.1.fna,True,0.48542682717024166,2461449,1.083218055706212,up
Neisseria_subflava_GCF_031190635.1.fna,False,0.0,2195884,1.2142198768240946,none
Olsenella_sp_oral_taxon_807_GCF_001189515.2.fna,False,0.0,3213585,0.8296920728718861,none
Oribacterium_sinus_GCF_963553175.1.fna,False,0.0,2522094,1.0571715407911044,none
Oribacterium_sp_oral_taxon_078_GCF_000160135.1.fna,True,0.48542682717024166,2676554,0.9961637239525151,up
Parvimonas_micra_GCF_037482165.1.fna,False,0.0,1549037,1.721253914528833,none
Pauljensenia_hongkongensis_GCF_001746855.1.fna,False,0.0,2141493,1.2450594048171066,none
Peptostreptococcus_stomatis_GCF_052173935.1.fna,False,0.0,1820429,1.4646470694545077,none
Porphyromonas_bobii_GCF_943169685.1.fna,False,0.0,2279746,1.1695539766272207,none
Porphyromonas_endodontalis_GCF_020097375.1.fna,False,0.0,2102930,1.2678909901898778,none
Prevotella_melaninogenica_GCF_020735905.1.fna,False,0.0,3306754,0.8063151961107479,none
Prevotella_nanceiensis_GCF_963553995.1.fna,False,0.0,2472898,1.0782029828969897,none
Pseudomonas_aeruginosa_GCF_051989275.1.fna,False,0.0,6578177,0.4053229336942439,none
Pseudomonas_atacamensis_GCF_040703105.1.fna,False,0.0,6067391,0.43944522447951684,none
Pseudomonas_brenneri_GCF_030370465.1.fna,True,0.48542682717024166,6261944,0.42579205435245027,up
Pseudomonas_fragi_GCF_046268055.1.fna,False,0.0,5249147,0.5079465292170328,none
Pseudomonas_fulva_GCF_050517415.1.fna,False,0.0,4897385,0.5444305481394662,none
Pseudomonas_juntendi_GCF_037094725.1.fna,False,0.0,5786923,0.46074330002317293,none
Pseudomonas_lactis_GCA_036967185.1.fna,False,0.0,6603930,0.4037423170748327,none
Pseudomonas_luteola_GCF_051028725.1.fna,True,0.48542682717024166,5536420,0.4815902695243497,up
Pseudomonas_proteolytica_GCF_024123875.1.fna,False,0.0,6339216,0.4206018536046098,none
Pseudomonas_putida_GCF_052075905.1.fna,False,0.0,6032578,0.44198118946825055,none
Pseudomonas_qingdaonensis_GCF_030505435.1.fna,False,0.0,6054743,0.4403631995610714,none
Pseudomonas_rustica_GCF_049959085.1.fna,False,0.0,6320589,0.42184138218764106,none
Pseudoxanthomonas_mexicana_GCF_046736355.1.fna,False,0.0,3648411,0.7308074665929908,none
Rhizobium_oryzihabitans_GCF_010669145.1.fna,True,0.48542682717024166,5858741,0.45509538653441073,up
Rhizobium_pusense_GCF_031326085.1.fna,False,0.0,5324389,0.5007684449802597,none
Rhodococcus_qingshengii_GCA_965263445.1.fna,False,0.0,6551169,0.40699392734334894,none
Rothia_aeria_GCF_019334745.1.fna,False,0.0,2634007,1.012254713066442,none
Rothia_mucilaginosa_GCF_049990865.1.fna,False,0.0,2246281,1.186977942652767,none
Scardovia_wiggsiae_GCF_051045985.1.fna,False,0.0,1518528,1.7558359147806297,none
Schaalia_georgiae_GCF_003933715.1.fna,False,0.0,2652059,1.005364511121359,none
Schaalia_meyeri_GCF_016127995.1.fna,False,0.0,2033037,1.311479328708725,none
Schaalia_odontolytica_GCF_031191545.1.fna,False,0.0,2455831,1.0856960434166683,none
Selenomonas_noxia_GCF_965241795.1.fna,True,-0.3770696490798233,1914604,1.3926044236823907,down
Serratia_liquefaciens_GCF_048537535.1.fna,False,0.0,5335811,0.4996964847518025,none
Serratia_marcescens_GCF_052045055.1.fna,False,0.0,5318943,0.5012811756019946,none
Shinella_sp_DD12_GCF_000496935.2.fna,False,0.0,7683253,0.34702566738333357,none
Shuttleworthia_satelles_GCF_963543355.1.fna,False,0.0,2003066,1.331102419990155,none
Solobacterium_moorei_GCF_036323475.1.fna,False,0.0,2615268,1.0195077521691849,none
Sphingobacterium_spiritivorum_GCF_034424195.1.fna,False,0.0,5136875,0.5190482540455044,none
Sphingobium_yanoikuyae_GCF_034424525.1.fna,True,-0.3770696490798233,5527198,0.48239379157395845,down
Sphingomonas_koreensis_GCF_001922385.1.fna,True,0.48542682717024166,4819238,0.5532588346954436,up
Sphingomonas_sp_JUb134_GCF_004341505.2.fna,False,0.0,4115562,0.6478546550872032,none
Sphingopyxis_microcysteis_GCF_012274265.1.fna,False,0.0,3463217,0.7698870732039026,none
Staphylococcus_argenteus_GCF_051473475.1.fna,True,-0.3770696490798233,2742080,0.9723589391994398,down
Staphylococcus_aureus_GCF_052363745.1.fna,True,0.48542682717024166,2754655,0.9679201206684684,up
Staphylococcus_epidermidis_GCF_052063235.1.fna,False,0.0,2493019,1.0695008742412313,none
Staphylococcus_haemolyticus_GCF_049262575.1.fna,False,0.0,2322835,1.147858543547002,none
Staphylococcus_lugdunensis_GCF_050882105.1.fna,False,0.0,2540325,1.0495846003956186,none
Staphylococcus_pasteuri_GCF_025558385.1.fna,True,-0.3770696490798233,2475360,1.077130599185573,down
Staphylococcus_saprophyticus_GCF_050916785.1.fna,False,0.0,2640373,1.009814143683487,none
Staphylococcus_warneri_GCF_040409895.1.fna,False,0.0,2504756,1.064489315526143,none
Stenotrophomonas_indicatrix_GCF_050920545.1.fna,False,0.0,4680266,0.5696868511319656,none
Stenotrophomonas_maltophilia_GCF_052149065.1.fna,False,0.0,4802212,0.5552203859388132,none
Stenotrophomonas_rhizophila_GCF_050917505.1.fna,False,0.0,4227346,0.6307233900418845,none
Streptococcus_anginosus_GCF_050613235.1.fna,False,0.0,1883801,1.4153756155772292,none
Streptococcus_australis_GCF_901543175.1.fna,False,0.0,1928637,1.3824716626301372,none
Streptococcus_constellatus_GCF_019336935.2.fna,False,0.0,1883129,1.4158806964366222,none
Streptococcus_cristatus_GCF_011612585.1.fna,False,0.0,2031205,1.3126621882084772,none
Streptococcus_gordonii_GCF_051054895.1.fna,False,0.0,2194637,1.2149098005729422,none
Streptococcus_infantis_GCF_021497965.1.fna,False,0.0,1707667,1.5613617877490167,none
Streptococcus_intermedius_GCF_032937075.1.fna,False,0.0,1944282,1.371347366277114,none
Streptococcus_mitis_GCF_018603625.2.fna,False,0.0,1965122,1.3568043103685166,none
Streptococcus_oralis_GCF_051546135.1.fna,True,-0.3770696490798233,1971699,1.3522784157216694,down
Streptococcus_parasanguinis_GCF_018619375.2.fna,False,0.0,2286952,1.1658688070409873,none
Streptococcus_rubneri_GCF_019334785.1.fna,False,0.0,1970631,1.3530112943519106,none
Streptococcus_salivarius_GCF_018599045.2.fna,False,0.0,2234226,1.1933824062561262,none
Streptococcus_sanguinis_GCF_050235035.1.fna,False,0.0,2297357,1.1605884501189845,none
Streptococcus_sp_F0442_GCF_000314795.2.fna,True,0.48542682717024166,2231248,1.1949751887732785,up
Streptococcus_vestibularis_GCF_018619455.2.fna,True,-0.3770696490798233,1981254,1.345756778282845,down
Tannerella_serpentiformis_GCF_001717525.2.fna,False,0.0,2973544,0.8966694288028023,none
Tsukamurella_pulmonis_GCF_022179485.1.fna,False,0.0,4669365,0.5710168299115619,none
Veillonella_atypica_GCF_002082765.1.fna,True,-0.3770696490798233,2071952,1.2868473787037538,down
Veillonella_dispar_GCF_900637515.1.fna,False,0.0,2116915,1.2595149073061507,none
Veillonella_parvula_GCF_042850485.1.fna,False,0.0,2124853,1.254809626830656,none
Veillonella_rogosae_GCF_028743475.1.fna,False,0.0,2158040,1.2355127801152899,none
Veillonella_sp_3627_GCF_003992195.1.fna,False,0.0,1738782,1.5334216710317912,none
