"taxon","abundance","relative_abundance"
"k__Bacteria|p__Actinobacteria|c__Actinomycetia|o__Micrococcales|f__Micrococcaceae|g__Rothia|s__Rothia_mucilaginosa|t__SGB16971_group",1602.45496,10.4556302874475
"k__Bacteria|p__Firmicutes|c__Bacilli|o__Lactobacillales|f__Streptococcaceae|g__Streptococcus|s__Streptococcus_oralis|t__SGB8130",1155.39692,7.53868491303839
"k__Bacteria|p__Firmicutes|c__Bacilli|o__Lactobacillales|f__Streptococcaceae|g__Streptococcus|s__Streptococcus_mitis|t__SGB8168",638.59832,4.16669928501771
"k__Bacteria|p__Actinobacteria|c__Actinomycetia|o__Micrococcales|f__Micrococcaceae|g__Rothia|s__Rothia_SGB49305|t__SGB49305_group",550.4319,3.59143476008665
"k__Bacteria|p__Firmicutes|c__Bacilli|o__Lactobacillales|f__Streptococcaceae|g__Streptococcus|s__Streptococcus_parasanguinis|t__SGB8071",435.66478,2.84260711386368
"k__Bacteria|p__Proteobacteria|c__Betaproteobacteria|o__Neisseriales|f__Neisseriaceae|g__Neisseria|s__Neisseria_subflava|t__SGB9450_group",379.45505,2.47585224704531
"k__Bacteria|p__Proteobacteria|c__Alphaproteobacteria|o__Caulobacterales|f__Caulobacteraceae|g__Brevundimonas|s__Brevundimonas_diminuta|t__SGB31770",347.70051,2.26866156869516
"k__Bacteria|p__Proteobacteria|c__Gammaproteobacteria|o__Xanthomonadales|f__Xanthomonadaceae|g__Stenotrophomonas|s__Stenotrophomonas_maltophilia|t__SGB12459",336.08329,2.19286202342248
"k__Bacteria|p__Firmicutes|c__Bacilli|o__Bacillales|f__Staphylococcaceae|g__Staphylococcus|s__Staphylococcus_aureus|t__SGB7852",326.42631,2.1298525691204
"k__Bacteria|p__Firmicutes|c__Bacilli|o__Lactobacillales|f__Streptococcaceae|g__Streptococcus|s__Streptococcus_gordonii|t__SGB8053",316.74664,2.06669506806683
"k__Bacteria|p__Firmicutes|c__Bacilli|o__Lactobacillales|f__Streptococcaceae|g__Streptococcus|s__Streptococcus_australis|t__SGB8059_group",300.67641,1.96184071165219
"k__Bacteria|p__Firmicutes|c__Bacilli|o__Lactobacillales|f__Streptococcaceae|g__Streptococcus|s__Streptococcus_salivarius|t__SGB8007_group",239.3657,1.56180318646589
"k__Bacteria|p__Firmicutes|c__Negativicutes|o__Veillonellales|f__Veillonellaceae|g__Veillonella|s__Veillonella_rogosae|t__SGB6956",236.45458,1.54280883392421
"k__Bacteria|p__Proteobacteria|c__Gammaproteobacteria|o__Moraxellales|f__Moraxellaceae|g__Acinetobacter|s__Acinetobacter_johnsonii|t__SGB10398",230.73127,1.50546562311693
"k__Bacteria|p__Proteobacteria|c__Gammaproteobacteria|o__Enterobacterales|f__Enterobacteriaceae|g__Enterobacter|s__Enterobacter_hormaechei|t__SGB10130",219.11872,1.42969654846257
"k__Bacteria|p__Firmicutes|c__Negativicutes|o__Veillonellales|f__Veillonellaceae|g__Veillonella|s__Veillonella_parvula|t__SGB6939",215.39291,1.40538654109657
"k__Bacteria|p__Actinobacteria|c__Actinomycetia|o__Actinomycetales|f__Actinomycetaceae|g__Actinomyces|s__Actinomyces_oris|t__SGB15878",212.35551,1.38556824215662
"k__Bacteria|p__Firmicutes|c__Bacilli|o__Lactobacillales|f__Streptococcaceae|g__Streptococcus|s__Streptococcus_sanguinis|t__SGB8047_group",199.21925,1.29985732899636
"k__Bacteria|p__Actinobacteria|c__Actinomycetia|o__Actinomycetales|f__Actinomycetaceae|g__Actinomyces|s__Actinomyces_sp_oral_taxon_448|t__SGB15872",196.6688,1.28321626080271
"k__Bacteria|p__Proteobacteria|c__Alphaproteobacteria|o__Caulobacterales|f__Caulobacteraceae|g__Brevundimonas|s__Brevundimonas_diminuta|t__SGB11731",173.32518,1.1309047972152
"k__Bacteria|p__Firmicutes|c__Bacilli|o__Lactobacillales|f__Carnobacteriaceae|g__Granulicatella|s__Granulicatella_SGB8255|t__SGB8255_group",173.09449,1.12939960086883
"k__Bacteria|p__Actinobacteria|c__Actinomycetia|o__Actinomycetales|f__Actinomycetaceae|g__Schaalia|s__Schaalia_SGB17157|t__SGB17157",144.01221,0.93964477144384
"k__Bacteria|p__Proteobacteria|c__Gammaproteobacteria|o__Xanthomonadales|f__Xanthomonadaceae|g__Stenotrophomonas|s__Stenotrophomonas_maltophilia|t__SGB12453",142.83413,0.931958084930643
"k__Bacteria|p__Proteobacteria|c__Gammaproteobacteria|o__Xanthomonadales|f__Xanthomonadaceae|g__Stenotrophomonas|s__Stenotrophomonas_maltophilia|t__SGB12461",139.0506,0.907271468552068
"k__Bacteria|p__Actinobacteria|c__Actinomycetia|o__Actinomycetales|f__Actinomycetaceae|g__Schaalia|s__Schaalia_odontolytica|t__SGB17161_group",132.04381,0.861553861773413
"k__Bacteria|p__Actinobacteria|c__Actinomycetia|o__Actinomycetales|f__Actinomycetaceae|g__Actinomyces|s__Actinomyces_dentalis|t__SGB15877",129.86544,0.847340525412766
"k__Bacteria|p__Proteobacteria|c__Gammaproteobacteria|o__Moraxellales|f__Moraxellaceae|g__Acinetobacter|s__Acinetobacter_lwoffii|t__SGB10405",120.37213,0.785398978198155
"k__Bacteria|p__Firmicutes|c__Negativicutes|o__Veillonellales|f__Veillonellaceae|g__Veillonella|s__Veillonella_dispar|t__SGB6952",115.95818,0.756599024090691
"k__Bacteria|p__Bacteroidota|c__Bacteroidia|o__Bacteroidales|f__Porphyromonadaceae|g__Porphyromonas|s__Porphyromonas_bobii|t__SGB2043",114.66153,0.748138697060832
"k__Bacteria|p__Proteobacteria|c__Alphaproteobacteria|o__Hyphomicrobiales|f__Rhizobiaceae|g__Rhizobium|s__Rhizobium_pusense|t__SGB11087",112.60224,0.734702328843258
"k__Bacteria|p__Proteobacteria|c__Gammaproteobacteria|o__Moraxellales|f__Moraxellaceae|g__Moraxella|s__Moraxella_osloensis|t__SGB10439",107.49297,0.70136558023427
"k__Bacteria|p__Firmicutes|c__Bacilli|o__Lactobacillales|f__Streptococcaceae|g__Streptococcus|s__Streptococcus_vestibularis|t__SGB8003",105.35492,0.687415322102786
"k__Bacteria|p__Actinobacteria|c__Actinomycetia|o__Micrococcales|f__Intrasporangiaceae|g__Janibacter|s__Janibacter_hoylei|t__SGB16018",104.58032,0.682361244813364
"k__Bacteria|p__Firmicutes|c__Bacilli|o__Lactobacillales|f__Carnobacteriaceae|g__Granulicatella|s__Granulicatella_adiacens|t__SGB8249",100.08797,0.65304974970475
"k__Bacteria|p__Actinobacteria|c__Actinomycetia|o__Actinomycetales|f__Actinomycetaceae|g__Actinomyces|s__Actinomyces_sp_ICM47|t__SGB17167_group",98.91527,0.645398166387806
"k__Bacteria|p__Proteobacteria|c__Alphaproteobacteria|o__Hyphomicrobiales|f__Rhizobiaceae|g__Rhizobium|s__Rhizobium_oryzihabitans|t__SGB11090",92.21606,0.601687444572591
"k__Bacteria|p__Proteobacteria|c__Betaproteobacteria|o__Burkholderiales|f__Comamonadaceae|g__Delftia|s__Delftia_acidovorans|t__SGB12680",91.50531,0.597049973060254
"k__Bacteria|p__Proteobacteria|c__Betaproteobacteria|o__Neisseriales|f__Neisseriaceae|g__Neisseria|s__Neisseria_sicca|t__SGB9465_group",86.41009,0.563804897296497
"k__Bacteria|p__Actinobacteria|c__Actinomycetia|o__Micrococcales|f__Micrococcaceae|g__Kocuria|s__Kocuria_rhizophila|t__SGB16671",84.88518,0.553855229081403
"k__Bacteria|p__Proteobacteria|c__Alphaproteobacteria|o__Caulobacterales|f__Caulobacteraceae|g__Brevundimonas|s__Brevundimonas_diminuta|t__SGB11732",83.97491,0.547915937919201
"k__Bacteria|p__Bacteroidota|c__Flavobacteriia|o__Flavobacteriales|f__Weeksellaceae|g__Chryseobacterium|s__Chryseobacterium_indologenes|t__SGB2570",79.78139,0.520554236144434
"k__Bacteria|p__Firmicutes|c__Bacilli|o__Lactobacillales|f__Streptococcaceae|g__Streptococcus|s__Streptococcus_intermedius|t__SGB8025",78.51585,0.512296894325619
"k__Bacteria|p__Firmicutes|c__Bacilli|o__Bacillales|f__Staphylococcaceae|g__Staphylococcus|s__Staphylococcus_warneri|t__SGB7857",75.94478,0.495521285628855
"k__Bacteria|p__Proteobacteria|c__Gammaproteobacteria|o__Pseudomonadales|f__Pseudomonadaceae|g__Pseudomonas|s__Pseudomonas_putida|t__SGB12293",74.3568,0.485160100947658
"k__Bacteria|p__Firmicutes|c__Bacilli|o__Lactobacillales|f__Enterococcaceae|g__Enterococcus|s__Enterococcus_faecalis|t__SGB7962",72.6223,0.473842908772985
"k__Bacteria|p__Actinobacteria|c__Actinomycetia|o__Micrococcales|f__Micrococcaceae|g__Rothia|s__Rothia_aeria|t__SGB16987",71.70578,0.46786283787536
"k__Bacteria|p__Firmicutes|c__Bacilli|o__Lactobacillales|f__Aerococcaceae|g__Abiotrophia|s__Abiotrophia_defectiva|t__SGB8235_group",71.3228,0.465363986183773
"k__Bacteria|p__Actinobacteria|c__Actinomycetia|o__Micrococcales|f__Micrococcaceae|g__Rothia|s__Rothia_mucilaginosa|t__SGB16986",68.41709,0.446404932581082
"k__Bacteria|p__Proteobacteria|c__Gammaproteobacteria|o__Pasteurellales|f__Pasteurellaceae|g__Haemophilus|s__Haemophilus_parainfluenzae|t__SGB9712",67.84774,0.442690061802961
"k__Bacteria|p__Firmicutes|c__Bacilli|o__Bacillales|f__Staphylococcaceae|g__Staphylococcus|s__Staphylococcus_epidermidis|t__SGB7865",67.51996,0.440551376734634
"k__Bacteria|p__Proteobacteria|c__Alphaproteobacteria|o__Caulobacterales|f__Caulobacteraceae|g__Brevundimonas|s__Brevundimonas_SGB101999|t__SGB101999",62.98337,0.410951226346799
"k__Bacteria|p__Proteobacteria|c__Gammaproteobacteria|o__Xanthomonadales|f__Xanthomonadaceae|g__Stenotrophomonas|s__Stenotrophomonas_maltophilia|t__SGB12457",62.86609,0.410186002767528
"k__Bacteria|p__Proteobacteria|c__Gammaproteobacteria|o__Xanthomonadales|f__Xanthomonadaceae|g__Stenotrophomonas|s__Stenotrophomonas_indicatrix|t__SGB12448",60.53074,0.394948409948201
"k__Bacteria|p__Proteobacteria|c__Betaproteobacteria|o__Burkholderiales|f__Alcaligenaceae|g__Achromobacter|s__Achromobacter_mucicolens|t__SGB13145",57.38675,0.374434637088444
"k__Bacteria|p__Actinobacteria|c__Actinomycetia|o__Corynebacteriales|f__Corynebacteriaceae|g__Corynebacterium|s__Corynebacterium_accolens|t__SGB17097",56.34525,0.367639101977506
"k__Bacteria|p__Proteobacteria|c__Alphaproteobacteria|o__Sphingomonadales|f__Sphingomonadaceae|g__Sphingobium|s__Sphingobium_yanoikuyae|t__SGB11614",51.95139,0.338970230251586
"k__Bacteria|p__Proteobacteria|c__Betaproteobacteria|o__Burkholderiales|f__Burkholderiaceae|g__Lautropia|s__Lautropia_mirabilis|t__SGB13165",50.92018,0.332241834897049
"k__Bacteria|p__Candidatus_Saccharibacteria|c__Candidatus_Saccharimonadia|o__Candidatus_Saccharimonadales|f__Candidatus_Saccharimonadaceae|g__Candidatus_Nanosynsacchari|s__Candidatus_Nanosynsacchari_sp_TM7_ANC_38_39_G1_1|t__SGB19882",50.8947,0.332075584071675
"k__Bacteria|p__Firmicutes|c__Clostridia|o__Eubacteriales|f__Eubacteriales_Family_XIII_Incertae_Sedis|g__Eubacteriales_Family_XIII_Incertae_Sedis_unclassified|s__Eubacterium_brachy|t__SGB3931",50.85701,0.331829665955179
"k__Bacteria|p__Proteobacteria|c__Gammaproteobacteria|o__Moraxellales|f__Moraxellaceae|g__Acinetobacter|s__Acinetobacter_guillouiae|t__SGB10380",50.35345,0.328544058984018
"k__Bacteria|p__Proteobacteria|c__Gammaproteobacteria|o__Pseudomonadales|f__Pseudomonadaceae|g__Pseudomonas|s__Pseudomonas_fulva|t__SGB12272",49.41574,0.322425728471414
"k__Bacteria|p__Proteobacteria|c__Alphaproteobacteria|o__Caulobacterales|f__Caulobacteraceae|g__Brevundimonas|s__Brevundimonas_aurantiaca|t__SGB11740",49.2278,0.321199465515341
"k__Bacteria|p__Proteobacteria|c__Gammaproteobacteria|o__Pseudomonadales|f__Pseudomonadaceae|g__Pseudomonas|s__Pseudomonas_atacamensis|t__SGB12194",49.10414,0.32039261398215
"k__Bacteria|p__Firmicutes|c__Bacilli|o__Bacillales|f__Bacillales_unclassified|g__Gemella|s__Gemella_sanguinis|t__SGB7298_group",47.96369,0.31295145409999
"k__Bacteria|p__Proteobacteria|c__Gammaproteobacteria|o__Moraxellales|f__Moraxellaceae|g__Acinetobacter|s__Acinetobacter_junii|t__SGB10370",47.69484,0.311197273001022
"k__Bacteria|p__Proteobacteria|c__Betaproteobacteria|o__Neisseriales|f__Neisseriaceae|g__Neisseria|s__Neisseria_sicca|t__SGB9467_group",47.68331,0.311122042545113
"k__Bacteria|p__Actinobacteria|c__Actinomycetia|o__Corynebacteriales|f__Corynebacteriaceae|g__Corynebacterium|s__Corynebacterium_durum|t__SGB17008",46.8852,0.305914568202923
"k__Bacteria|p__Actinobacteria|c__Actinomycetia|o__Actinomycetales|f__Actinomycetaceae|g__Actinomyces|s__Actinomyces_naeslundii|t__SGB15888",43.52444,0.283986423623532
"k__Bacteria|p__Proteobacteria|c__Alphaproteobacteria|o__Caulobacterales|f__Caulobacteraceae|g__Brevundimonas|s__Brevundimonas_mediterranea|t__SGB11739",42.79787,0.279245730444892
"k__Bacteria|p__Proteobacteria|c__Gammaproteobacteria|o__Xanthomonadales|f__Xanthomonadaceae|g__Stenotrophomonas|s__Stenotrophomonas_maltophilia|t__SGB12452",41.99139,0.273983643881023
"k__Bacteria|p__Actinobacteria|c__Actinomycetia|o__Actinomycetales|f__Actinomycetaceae|g__Actinobaculum|s__Actinobaculum_sp_oral_taxon_183|t__SGB15892",41.93636,0.273624586466568
"k__Bacteria|p__Proteobacteria|c__Gammaproteobacteria|o__Pasteurellales|f__Pasteurellaceae|g__Haemophilus|s__Haemophilus_haemolyticus|t__SGB9649",40.62687,0.265080481548256
"k__Bacteria|p__Proteobacteria|c__Gammaproteobacteria|o__Pasteurellales|f__Pasteurellaceae|g__Haemophilus|s__Haemophilus_sputorum|t__SGB9631_group",40.29235,0.262897819613248
"k__Bacteria|p__Proteobacteria|c__Gammaproteobacteria|o__Enterobacterales|f__Enterobacteriaceae|g__Klebsiella|s__Klebsiella_michiganensis|t__SGB10119",39.97137,0.260803502897061
"k__Bacteria|p__Actinobacteria|c__Actinomycetia|o__Actinomycetales|f__Actinomycetaceae|g__Actinomyces|s__Actinomyces_massiliensis|t__SGB15873",39.88355,0.260230498678681
"k__Bacteria|p__Proteobacteria|c__Gammaproteobacteria|o__Xanthomonadales|f__Xanthomonadaceae|g__Pseudoxanthomonas|s__Pseudoxanthomonas_mexicana|t__SGB88901",39.42281,0.257224281830852
"k__Bacteria|p__Firmicutes|c__Bacilli|o__Bacillales|f__Bacillales_unclassified|g__Gemella|s__Gemella_haemolysans|t__SGB7285_group",38.83788,0.253407755328269
"k__Bacteria|p__Proteobacteria|c__Gammaproteobacteria|o__Xanthomonadales|f__Xanthomonadaceae|g__Stenotrophomonas|s__Stenotrophomonas_maltophilia|t__SGB12450",38.47497,0.251039855523074
"k__Bacteria|p__Proteobacteria|c__Gammaproteobacteria|o__Pasteurellales|f__Pasteurellaceae|g__Aggregatibacter|s__Aggregatibacter_kilianii|t__SGB9731",38.05655,0.248309766419744
"k__Bacteria|p__Actinobacteria|c__Actinomycetia|o__Actinomycetales|f__Actinomycetaceae|g__Actinomyces|s__Actinomyces_oris|t__SGB15881",37.85461,0.246992156856323
"k__Bacteria|p__Actinobacteria|c__Actinomycetia|o__Actinomycetales|f__Actinomycetaceae|g__Actinomyces|s__Actinomyces_sp_ph3|t__SGB17137_group",37.81533,0.246735864375134
"k__Bacteria|p__Firmicutes|c__Bacilli|o__Lactobacillales|f__Streptococcaceae|g__Streptococcus|s__Streptococcus_sp_F0442|t__SGB8067",37.5629,0.24508881979707
"k__Bacteria|p__Actinobacteria|c__Actinomycetia|o__Actinomycetales|f__Actinomycetaceae|g__Actinomyces|s__Actinomyces_gerencseriae|t__SGB15874",37.53171,0.244885312605414
"k__Bacteria|p__Bacteroidota|c__Sphingobacteriia|o__Sphingobacteriales|f__Sphingobacteriaceae|g__Sphingobacterium|s__Sphingobacterium_spiritivorum|t__SGB3145",37.30456,0.243403213901189
"k__Bacteria|p__Actinobacteria|c__Actinomycetia|o__Actinomycetales|f__Actinomycetaceae|g__Schaalia|s__Schaalia_SGB17158|t__SGB17158_group",36.93819,0.241012738434464
"k__Bacteria|p__Proteobacteria|c__Gammaproteobacteria|o__Pseudomonadales|f__Pseudomonadaceae|g__Pseudomonas|s__Pseudomonas_juntendi|t__SGB12288",36.87822,0.240621448717131
"k__Bacteria|p__Firmicutes|c__Bacilli|o__Lactobacillales|f__Streptococcaceae|g__Streptococcus|s__Streptococcus_anginosus|t__SGB8028_group",35.30876,0.230381102547939
"k__Bacteria|p__Firmicutes|c__Bacilli|o__Lactobacillales|f__Streptococcaceae|g__Streptococcus|s__Streptococcus_rubneri|t__SGB8056",34.18561,0.223052820973432
"k__Bacteria|p__Proteobacteria|c__Alphaproteobacteria|o__Hyphomicrobiales|f__Phyllobacteriaceae|g__Mesorhizobium|s__Mesorhizobium_hungaricum|t__SGB11031",32.7537,0.213709955221436
"k__Bacteria|p__Proteobacteria|c__Betaproteobacteria|o__Neisseriales|f__Neisseriaceae|g__Neisseria|s__Neisseria_elongata|t__SGB9447",31.97313,0.208616925128739
"k__Bacteria|p__Actinobacteria|c__Actinomycetia|o__Actinomycetales|f__Actinomycetaceae|g__Schaalia|s__Schaalia_meyeri|t__SGB17151",31.57429,0.206014590780542
"k__Bacteria|p__Actinobacteria|c__Actinomycetia|o__Micrococcales|f__Micrococcaceae|g__Micrococcus|s__Micrococcus_luteus|t__SGB16676",31.42883,0.205065499530195
"k__Bacteria|p__Proteobacteria|c__Gammaproteobacteria|o__Moraxellales|f__Moraxellaceae|g__Acinetobacter|s__Acinetobacter_radioresistens|t__SGB10375",29.19708,0.190503871605244
"k__Bacteria|p__Actinobacteria|c__Actinomycetia|o__Actinomycetales|f__Actinomycetaceae|g__Schaalia|s__Schaalia_SGB17168|t__SGB17168",29.01937,0.189344356920113
"k__Bacteria|p__Proteobacteria|c__Betaproteobacteria|o__Neisseriales|f__Neisseriaceae|g__Neisseria|s__Neisseria_sp_oral_taxon_014|t__SGB9463",28.80361,0.187936575205724
"k__Bacteria|p__Bacteroidota|c__Flavobacteriia|o__Flavobacteriales|f__Weeksellaceae|g__Chryseobacterium|s__Chryseobacterium_phocaeense|t__SGB28183",27.70629,0.180776828121773
"k__Eukaryota|p__Ascomycota|c__Saccharomycetes|o__Saccharomycetales|f__Debaryomycetaceae|g__Candida|s__Candida_albicans|t__EUK5476",27.56613,0.179862318087065
"k__Bacteria|p__Candidatus_Saccharibacteria|c__Candidatus_Nanosyncoccalia|o__Candidatus_Nanogingivales|f__Candidatus_Nanogingivalaceae|g__GGB12785|s__GGB12785_SGB19825|t__SGB19825",26.81248,0.174944934470782
"k__Bacteria|p__Bacteroidota|c__Flavobacteriia|o__Flavobacteriales|f__Flavobacteriaceae|g__Capnocytophaga|s__Capnocytophaga_leadbetteri|t__SGB2492",25.24681,0.164729317133152
"k__Bacteria|p__Firmicutes|c__Bacilli|o__Bacillales|f__Bacillales_unclassified|g__Gemella|s__Gemella_haemolysans|t__SGB7292",25.12175,0.163913330939226
"k__Bacteria|p__Actinobacteria|c__Actinomycetia|o__Actinomycetales|f__Actinomycetaceae|g__Actinomyces|s__Actinomyces_sp_HMT897|t__SGB15876",25.00566,0.163155871821579
"k__Bacteria|p__Proteobacteria|c__Gammaproteobacteria|o__Pasteurellales|f__Pasteurellaceae|g__Haemophilus|s__Haemophilus_parahaemolyticus|t__SGB9632",24.8902,0.162402523301264
"k__Bacteria|p__Proteobacteria|c__Gammaproteobacteria|o__Pseudomonadales|f__Pseudomonadaceae|g__Pseudomonas|s__Pseudomonas_putida|t__SGB22748",24.68897,0.161089546315787
"k__Bacteria|p__Proteobacteria|c__Alphaproteobacteria|o__Caulobacterales|f__Caulobacteraceae|g__Brevundimonas|s__Brevundimonas_SGB38301|t__SGB38301",24.4717,0.15967191221732
"k__Bacteria|p__Actinobacteria|c__Actinomycetia|o__Actinomycetales|f__Actinomycetaceae|g__Schaalia|s__Schaalia_odontolytica|t__SGB17169",23.9361,0.156177252010485
"k__Bacteria|p__Firmicutes|c__Negativicutes|o__Veillonellales|f__Veillonellaceae|g__Veillonella|s__Veillonella_atypica|t__SGB6936",23.59169,0.153930060222143
"k__Bacteria|p__Proteobacteria|c__Gammaproteobacteria|o__Pseudomonadales|f__Pseudomonadaceae|g__Pseudomonas|s__Pseudomonas_lactis|t__SGB66296",23.54259,0.153609694620658
"k__Bacteria|p__Firmicutes|c__Bacilli|o__Lactobacillales|f__Streptococcaceae|g__Streptococcus|s__Streptococcus_cristatus|t__SGB97158",23.32103,0.152164069311796
"k__Bacteria|p__Proteobacteria|c__Gammaproteobacteria|o__Pseudomonadales|f__Pseudomonadaceae|g__Pseudomonas|s__Pseudomonas_proteolytica|t__SGB12165",23.30507,0.152059934179419
"k__Bacteria|p__Proteobacteria|c__Gammaproteobacteria|o__Pseudomonadales|f__Pseudomonadaceae|g__Pseudomonas|s__Pseudomonas_aeruginosa|t__SGB12320",23.15396,0.151073978048249
"k__Bacteria|p__Firmicutes|c__Bacilli|o__Lactobacillales|f__Aerococcaceae|g__Abiotrophia|s__Abiotrophia_sp_HMSC24B09|t__SGB8236",22.35527,0.145862719346612
"k__Bacteria|p__Actinobacteria|c__Coriobacteriia|o__Coriobacteriales|f__Atopobiaceae|g__Olsenella|s__Olsenella_sp_oral_taxon_807|t__SGB14348",22.11685,0.144307086623472
"k__Bacteria|p__Proteobacteria|c__Gammaproteobacteria|o__Moraxellales|f__Moraxellaceae|g__Acinetobacter|s__Acinetobacter_ursingii|t__SGB10372",22.10676,0.144241251818605
"k__Bacteria|p__Firmicutes|c__Bacilli|o__Bacillales|f__Staphylococcaceae|g__Staphylococcus|s__Staphylococcus_haemolyticus|t__SGB7861",22.08104,0.144073435051391
"k__Bacteria|p__Actinobacteria|c__Actinomycetia|o__Corynebacteriales|f__Nocardiaceae|g__Rhodococcus|s__Rhodococcus_qingshengii|t__SGB15824",21.2671,0.138762673795321
"k__Bacteria|p__Actinobacteria|c__Actinomycetia|o__Actinomycetales|f__Actinomycetaceae|g__Actinomyces|s__Actinomyces_graevenitzii|t__SGB17130_group",20.99563,0.136991397831263
"k__Bacteria|p__Candidatus_Saccharibacteria|c__Candidatus_Nanosyncoccalia|o__Candidatus_Nanogingivales|f__Candidatus_Nanogingivalaceae|g__Candidatus_Nanogingivalis|s__Candidatus_Nanogingivalis_gingivitcus|t__SGB19822",20.54545,0.134054082424406
"k__Bacteria|p__Firmicutes|c__Bacilli|o__Lactobacillales|f__Streptococcaceae|g__Streptococcus|s__Streptococcus_constellatus|t__SGB8026",20.50988,0.133821996794165
"k__Bacteria|p__Candidatus_Saccharibacteria|c__Candidatus_Saccharibacteria_unclassified|o__Candidatus_Saccharibacteria_unclassified|f__Candidatus_Saccharibacteria_unclassified|g__Candidatus_Saccharibacteria_unclassified|s__TM7_phylum_sp_oral_taxon_352|t__SGB19860_group",20.38742,0.133022974970175
"k__Bacteria|p__Actinobacteria|c__Coriobacteriia|o__Coriobacteriales|f__Atopobiaceae|g__Lancefieldella|s__Lancefieldella_rimae|t__SGB985",19.96538,0.130269266244087
"k__Bacteria|p__Firmicutes|c__Negativicutes|o__Veillonellales|f__Veillonellaceae|g__Dialister|s__Dialister_invisus|t__SGB5825_group",19.82973,0.12938418286646
"k__Bacteria|p__Proteobacteria|c__Alphaproteobacteria|o__Hyphomicrobiales|f__Rhizobiaceae|g__Agrobacterium|s__Agrobacterium_tomkonis|t__SGB11096",19.7251,0.128701497471686
"k__Bacteria|p__Actinobacteria|c__Actinomycetia|o__Actinomycetales|f__Actinomycetaceae|g__Schaalia|s__Schaalia_SGB17153|t__SGB17153",19.65001,0.128211553418416
"k__Bacteria|p__Firmicutes|c__Bacilli|o__Bacillales|f__Bacillales_unclassified|g__Gemella|s__Gemella_morbillorum|t__SGB7295",19.61088,0.127956239650878
"k__Bacteria|p__Bacteroidota|c__Bacteroidia|o__Bacteroidales|f__Prevotellaceae|g__Prevotella|s__Prevotella_melaninogenica|t__SGB1552",19.21284,0.125359125108816
"k__Bacteria|p__Firmicutes|c__Tissierellia|o__Tissierellales|f__Peptoniphilaceae|g__Parvimonas|s__Parvimonas_micra|t__SGB6653",19.06375,0.124386348988134
"k__Bacteria|p__Bacteroidota|c__Flavobacteriia|o__Flavobacteriales|f__Weeksellaceae|g__Chryseobacterium|s__Chryseobacterium_culicis|t__SGB2575",18.5188,0.120830682297106
"k__Bacteria|p__Bacteroidota|c__Flavobacteriia|o__Flavobacteriales|f__Weeksellaceae|g__Chryseobacterium|s__Chryseobacterium_scophthalmum|t__SGB2563",17.90493,0.116825329307619
"k__Bacteria|p__Proteobacteria|c__Gammaproteobacteria|o__Pasteurellales|f__Pasteurellaceae|g__Haemophilus|s__Haemophilus_haemolyticus|t__SGB9652_group",17.88785,0.116713886446654
"k__Bacteria|p__Firmicutes|c__Bacilli|o__Bacillales|f__Staphylococcaceae|g__Staphylococcus|s__Staphylococcus_argenteus|t__SGB7853",17.12194,0.111716509301365
"k__Bacteria|p__Candidatus_Saccharibacteria|c__Candidatus_Saccharimonadia|o__Candidatus_Nanosynbacterales|f__Candidatus_Nanosynbacteraceae|g__Candidatus_Nanosynbacter|s__Candidatus_Nanosynbacter_sp_HMT_352|t__SGB19850",17.08116,0.111450429683675
"k__Bacteria|p__Proteobacteria|c__Gammaproteobacteria|o__Cardiobacteriales|f__Cardiobacteriaceae|g__Cardiobacterium|s__Cardiobacterium_hominis|t__SGB9418",16.59891,0.108303865298414
"k__Bacteria|p__Actinobacteria|c__Actinomycetia|o__Propionibacteriales|f__Propionibacteriaceae|g__Arachnia|s__Arachnia_rubra|t__SGB15896",16.57968,0.108178394208463
"k__Bacteria|p__Actinobacteria|c__Actinomycetia|o__Actinomycetales|f__Actinomycetaceae|g__Schaalia|s__Schaalia_meyeri|t__SGB17150",16.4511,0.107339440867547
"k__Bacteria|p__Proteobacteria|c__Gammaproteobacteria|o__Pseudomonadales|f__Pseudomonadaceae|g__Pseudomonas|s__Pseudomonas_putida|t__SGB12280",16.09353,0.105006383268298
"k__Bacteria|p__Actinobacteria|c__Actinomycetia|o__Micrococcales|f__Micrococcaceae|g__Kocuria|s__Kocuria_palustris|t__SGB16663",15.69233,0.102388650492006
"k__Bacteria|p__Firmicutes|c__Bacilli|o__Bacillales|f__Staphylococcaceae|g__Staphylococcus|s__Staphylococcus_saprophyticus|t__SGB7848",15.14092,0.0987908338664441
"k__Bacteria|p__Actinobacteria|c__Actinomycetia|o__Actinomycetales|f__Actinomycetaceae|g__Actinomyces|s__Actinomyces_johnsonii|t__SGB15887",14.84187,0.0968396050859103
"k__Bacteria|p__Actinobacteria|c__Actinomycetia|o__Corynebacteriales|f__Corynebacteriaceae|g__Corynebacterium|s__Corynebacterium_bovis|t__SGB33717",14.41727,0.0940691929801933
"k__Bacteria|p__Actinobacteria|c__Actinomycetia|o__Micrococcales|f__Microbacteriaceae|g__Microbacterium|s__Microbacterium_maritypicum|t__SGB16873",14.35164,0.0936409731344604
"k__Bacteria|p__Firmicutes|c__Clostridia|o__Eubacteriales|f__Lachnospiraceae|g__Oribacterium|s__Oribacterium_sinus|t__SGB5273",13.5118,0.0881612206547964
"k__Bacteria|p__Bacteroidota|c__Flavobacteriia|o__Flavobacteriales|f__Flavobacteriaceae|g__Capnocytophaga|s__Capnocytophaga_gingivalis|t__SGB2479",13.01965,0.0849500611686244
"k__Bacteria|p__Actinobacteria|c__Actinomycetia|o__Bifidobacteriales|f__Bifidobacteriaceae|g__Scardovia|s__Scardovia_wiggsiae|t__SGB15494",12.90269,0.084186925511807
"k__Bacteria|p__Actinobacteria|c__Coriobacteriia|o__Coriobacteriales|f__Atopobiaceae|g__Lancefieldella|s__Lancefieldella_parvula|t__SGB966",12.80978,0.0835807102768985
"k__Bacteria|p__Proteobacteria|c__Gammaproteobacteria|o__Enterobacterales|f__Enterobacteriaceae|g__Klebsiella|s__Klebsiella_grimontii|t__SGB10120",12.74187,0.0831376139836832
"k__Bacteria|p__Firmicutes|c__Negativicutes|o__Veillonellales|f__Veillonellaceae|g__Veillonella|s__Veillonella_sp_3627|t__SGB6934",12.46644,0.0813404999792611
"k__Bacteria|p__Actinobacteria|c__Actinomycetia|o__Micrococcales|f__Micrococcaceae|g__Kocuria|s__Kocuria_salsicia|t__SGB16669",12.41259,0.0809891417788539
"k__Bacteria|p__Actinobacteria|c__Coriobacteriia|o__Coriobacteriales|f__Atopobiaceae|g__Lancefieldella|s__Lancefieldella_parvula|t__SGB964",12.34001,0.0805155748673303
"k__Bacteria|p__Actinobacteria|c__Actinomycetia|o__Actinomycetales|f__Actinomycetaceae|g__Schaalia|s__Schaalia_SGB17154|t__SGB17154",12.14989,0.079275087939542
"k__Bacteria|p__Proteobacteria|c__Gammaproteobacteria|o__Xanthomonadales|f__Xanthomonadaceae|g__Stenotrophomonas|s__Stenotrophomonas_rhizophila|t__SGB32943",12.14291,0.0792295451310213
"k__Bacteria|p__Actinobacteria|c__Actinomycetia|o__Micrococcales|f__Micrococcaceae|g__Kocuria|s__Kocuria_carniphila|t__SGB16672",12.00767,0.0783471369040378
"k__Bacteria|p__Firmicutes|c__Clostridia|o__Eubacteriales|f__Lachnospiraceae|g__GGB3883|s__GGB3883_SGB5266|t__SGB5266_group",11.86559,0.0774200993346072
"k__Bacteria|p__Actinobacteria|c__Actinomycetia|o__Propionibacteriales|f__Propionibacteriaceae|g__Cutibacterium|s__Cutibacterium_acnes|t__SGB16955",11.45949,0.0747703952457432
"k__Bacteria|p__Proteobacteria|c__Gammaproteobacteria|o__Pseudomonadales|f__Pseudomonadaceae|g__Pseudomonas|s__Pseudomonas_brenneri|t__SGB12164",11.29786,0.0737157986639084
"k__Bacteria|p__Proteobacteria|c__Gammaproteobacteria|o__Enterobacterales|f__Yersiniaceae|g__Serratia|s__Serratia_marcescens|t__SGB10251",11.08501,0.0723270039943327
"k__Bacteria|p__Firmicutes|c__Negativicutes|o__Selenomonadales|f__Selenomonadaceae|g__Selenomonas|s__Selenomonas_noxia|t__SGB5884",10.82932,0.0706586887062715
"k__Bacteria|p__Proteobacteria|c__Gammaproteobacteria|o__Pseudomonadales|f__Pseudomonadaceae|g__Pseudomonas|s__Pseudomonas_qingdaonensis|t__SGB12266",10.79213,0.0704160329686087
"k__Bacteria|p__Proteobacteria|c__Gammaproteobacteria|o__Moraxellales|f__Moraxellaceae|g__Acinetobacter|s__Acinetobacter_parvus|t__SGB10366",10.67248,0.0696353457136652
"k__Bacteria|p__Proteobacteria|c__Gammaproteobacteria|o__Pseudomonadales|f__Pseudomonadaceae|g__Pseudomonas|s__Pseudomonas_rustica|t__SGB33177",10.56789,0.0689529213091976
"k__Bacteria|p__Proteobacteria|c__Gammaproteobacteria|o__Moraxellales|f__Moraxellaceae|g__Acinetobacter|s__Acinetobacter_pittii|t__SGB10346",10.24253,0.0668300261544259
"k__Bacteria|p__Bacteroidota|c__Flavobacteriia|o__Flavobacteriales|f__Flavobacteriaceae|g__GGB1833|s__GGB1833_SGB2477|t__SGB2477",10.09769,0.0658849802538323
"k__Bacteria|p__Firmicutes|c__Bacilli|o__Lactobacillales|f__Streptococcaceae|g__Streptococcus|s__Streptococcus_gordonii|t__SGB8054",9.9276,0.0647751842221285
"k__Bacteria|p__Proteobacteria|c__Gammaproteobacteria|o__Pseudomonadales|f__Pseudomonadaceae|g__Pseudomonas|s__Pseudomonas_luteola|t__SGB12056",9.59214,0.0625863890149128
"k__Bacteria|p__Proteobacteria|c__Gammaproteobacteria|o__Enterobacterales|f__Enterobacteriaceae|g__Enterobacter|s__Enterobacter_ludwigii|t__SGB10127",9.5053,0.0620197790590473
"k__Bacteria|p__Actinobacteria|c__Actinomycetia|o__Propionibacteriales|f__Propionibacteriaceae|g__Arachnia|s__Arachnia_propionica|t__SGB15897",9.42239,0.0614788114008161
"k__Bacteria|p__Actinobacteria|c__Actinomycetia|o__Actinomycetales|f__Actinomycetaceae|g__Actinomyces|s__Actinomyces_israelii|t__SGB15875",9.40726,0.0613800918173034
"k__Bacteria|p__Candidatus_Saccharibacteria|c__Candidatus_Saccharibacteria_unclassified|o__Candidatus_Saccharibacteria_unclassified|f__Candidatus_Saccharibacteria_unclassified|g__Candidatus_Saccharibacteria_unclassified|s__Candidatus_Saccharibacteria_unclassified_SGB19846|t__SGB19846_group",9.34798,0.0609933041827605
"k__Bacteria|p__Actinobacteria|c__Actinomycetia|o__Corynebacteriales|f__Tsukamurellaceae|g__Tsukamurella|s__Tsukamurella_pulmonis|t__SGB15846",9.23454,0.0602531356729335
"k__Bacteria|p__Bacteroidota|c__Bacteroidia|o__Bacteroidales|f__Porphyromonadaceae|g__Porphyromonas|s__Porphyromonas_endodontalis|t__SGB2016",9.20583,0.0600658098802931
"k__Bacteria|p__Proteobacteria|c__Betaproteobacteria|o__Neisseriales|f__Neisseriaceae|g__Neisseria|s__Neisseria_bacilliformis|t__SGB9426",9.06851,0.0591698301573608
"k__Bacteria|p__Firmicutes|c__Clostridia|o__Eubacteriales|f__Peptostreptococcaceae|g__Peptostreptococcus|s__Peptostreptococcus_SGB749|t__SGB749",9.05505,0.0590820069191532
"k__Bacteria|p__Candidatus_Saccharibacteria|c__Candidatus_Saccharibacteria_unclassified|o__Candidatus_Saccharibacteria_unclassified|f__Candidatus_Saccharibacteria_unclassified|g__GGB12794|s__GGB12794_SGB19881|t__SGB19881",8.96821,0.0585153969632877
"k__Bacteria|p__Firmicutes|c__Erysipelotrichia|o__Erysipelotrichales|f__Erysipelotrichaceae|g__Solobacterium|s__Solobacterium_moorei|t__SGB6826",8.91839,0.0581903335362816
"k__Bacteria|p__Actinobacteria|c__Actinomycetia|o__Propionibacteriales|f__Propionibacteriaceae|g__Arachnia|s__Arachnia_SGB15898|t__SGB15898",8.59633,0.0560889700818133
"k__Bacteria|p__Actinobacteria|c__Actinomycetia|o__Actinomycetales|f__Actinomycetaceae|g__Pauljensenia|s__Pauljensenia_hongkongensis|t__SGB17148",8.55211,0.0558004452977465
"k__Bacteria|p__Actinobacteria|c__Actinomycetia|o__Actinomycetales|f__Actinomycetaceae|g__Actinomyces|s__Actinomyces_SGB17132|t__SGB17132_group",8.47358,0.0552880560780998
"k__Bacteria|p__Proteobacteria|c__Gammaproteobacteria|o__Enterobacterales|f__Enterobacteriaceae|g__Klebsiella|s__Klebsiella_pneumoniae|t__SGB10115_group",8.31819,0.0542741739841117
"k__Bacteria|p__Candidatus_Saccharibacteria|c__Candidatus_Saccharimonadia|o__Candidatus_Nanosynbacterales|f__Candidatus_Nanosynbacteraceae|g__Candidatus_Nanosynbacter|s__Candidatus_Nanosynbacter_lyticus|t__SGB19849",8.31703,0.0542666052652171
"k__Bacteria|p__Firmicutes|c__Clostridia|o__Eubacteriales|f__Eubacteriales_Family_XIII_Incertae_Sedis|g__Mogibacterium|s__Mogibacterium_diversum|t__SGB3922_group",8.19818,0.0534911378164078
"k__Bacteria|p__Firmicutes|c__Bacilli|o__Lactobacillales|f__Streptococcaceae|g__Streptococcus|s__Streptococcus_infantis|t__SGB8086",8.15906,0.0532358892964463
"k__Bacteria|p__Firmicutes|c__Clostridia|o__Eubacteriales|f__Peptostreptococcaceae|g__Peptostreptococcus|s__Peptostreptococcus_stomatis|t__SGB748",7.9047,0.0515762519360832
"k__Bacteria|p__Firmicutes|c__Clostridia|o__Eubacteriales|f__Lachnospiraceae|g__Oribacterium|s__Oribacterium_sp_oral_taxon_078|t__SGB7282",7.80282,0.0509115096248951
"k__Bacteria|p__Proteobacteria|c__Gammaproteobacteria|o__Enterobacterales|f__Yersiniaceae|g__Serratia|s__Serratia_liquefaciens|t__SGB10256",7.77039,0.0506999117337307
"k__Bacteria|p__Bacteroidota|c__Flavobacteriia|o__Flavobacteriales|f__Flavobacteriaceae|g__Capnocytophaga|s__Capnocytophaga_sputigena|t__SGB2502",7.74764,0.0505514734967899
"k__Bacteria|p__Actinobacteria|c__Actinomycetia|o__Corynebacteriales|f__Corynebacteriaceae|g__Corynebacterium|s__Corynebacterium_matruchotii|t__SGB17007",7.66012,0.0499804267057105
"k__Bacteria|p__Firmicutes|c__Bacilli|o__Lactobacillales|f__Streptococcaceae|g__Streptococcus|s__Streptococcus_infantis|t__SGB8094",7.6073,0.0496357890057011
"k__Bacteria|p__Fusobacteria|c__Fusobacteriia|o__Fusobacteriales|f__Fusobacteriaceae|g__Fusobacterium|s__Fusobacterium_nucleatum|t__SGB6014",7.59168,0.0495338722909312
"k__Bacteria|p__Bacteroidota|c__Bacteroidia|o__Bacteroidales|f__Tannerellaceae|g__Tannerella|s__Tannerella_serpentiformis|t__SGB2048",7.55258,0.0492787542661231
"k__Bacteria|p__Actinobacteria|c__Actinomycetia|o__Micrococcales|f__Micrococcaceae|g__Kocuria|s__Kocuria_massiliensis|t__SGB16631",7.52523,0.0491003021439107
"k__Bacteria|p__Actinobacteria|c__Actinomycetia|o__Actinomycetales|f__Actinomycetaceae|g__Schaalia|s__Schaalia_georgiae|t__SGB17149",7.49457,0.0489002530738182
"k__Bacteria|p__Proteobacteria|c__Betaproteobacteria|o__Neisseriales|f__Neisseriaceae|g__Eikenella|s__Eikenella_corrodens|t__SGB9434_group",7.36931,0.0480829619283587
"k__Bacteria|p__Actinobacteria|c__Actinomycetia|o__Micrococcales|f__Microbacteriaceae|g__Microbacterium|s__Microbacterium_oxydans|t__SGB16871",7.35762,0.048006687511223
"k__Bacteria|p__Firmicutes|c__Clostridia|o__Eubacteriales|f__Eubacteriales_Family_XIII_Incertae_Sedis|g__Eubacteriales_Family_XIII_Incertae_Sedis_unclassified|s__Eubacterium_sulci|t__SGB3934_group",6.9918,0.045619800661215
"k__Bacteria|p__Firmicutes|c__Bacilli|o__Bacillales|f__Staphylococcaceae|g__Staphylococcus|s__Staphylococcus_pasteuri|t__SGB7855",6.88897,0.0449488598302426
"k__Eukaryota|p__Ascomycota|c__Saccharomycetes|o__Saccharomycetales|f__Debaryomycetaceae|g__Candida|s__Candida_parapsilosis|t__EUK5480",6.85258,0.044711423898714
"k__Bacteria|p__Firmicutes|c__Clostridia|o__Eubacteriales|f__Eubacteriales_Family_XIII_Incertae_Sedis|g__Mogibacterium|s__Mogibacterium_timidum|t__SGB3920",6.7907,0.0443076718942351
"k__Bacteria|p__Candidatus_Saccharibacteria|c__Candidatus_Saccharibacteria_unclassified|o__Candidatus_Saccharibacteria_unclassified|f__Candidatus_Saccharibacteria_unclassified|g__Candidatus_Saccharibacteria_unclassified|s__TM7_phylum_sp_oral_taxon_348|t__SGB19880",6.65489,0.0434215445553811
"k__Bacteria|p__Proteobacteria|c__Alphaproteobacteria|o__Hyphomicrobiales|f__Rhizobiaceae|g__Shinella|s__Shinella_sp_DD12|t__SGB11203",6.62077,0.0431989198237582
"k__Bacteria|p__Firmicutes|c__Bacilli|o__Bacillales|f__Staphylococcaceae|g__Staphylococcus|s__Staphylococcus_lugdunensis|t__SGB7850",6.48639,0.042322122888369
"k__Bacteria|p__Proteobacteria|c__Alphaproteobacteria|o__Rhodospirillales|f__Rhodospirillaceae|g__Rhodospirillaceae_unclassified|s__Rhodospirillaceae_bacterium_CCH5_H10|t__SGB31854",6.39328,0.0417146027019269
"k__Bacteria|p__Proteobacteria|c__Alphaproteobacteria|o__Hyphomicrobiales|f__Brucellaceae|g__Brucella|s__Brucella_anthropi|t__SGB11011",6.23758,0.0406986979330618
"k__Bacteria|p__Actinobacteria|c__Actinomycetia|o__Actinomycetales|f__Actinomycetaceae|g__Actinomyces|s__Actinomyces_bouchesdurhonensis|t__SGB17152",6.23602,0.0406885193111002
"k__Bacteria|p__Proteobacteria|c__Gammaproteobacteria|o__Pseudomonadales|f__Pseudomonadaceae|g__Pseudomonas|s__Pseudomonas_fragi|t__SGB12106",6.20571,0.0404907539061913
"k__Bacteria|p__Fusobacteria|c__Fusobacteriia|o__Fusobacteriales|f__Leptotrichiaceae|g__Leptotrichia|s__Leptotrichia_sp_oral_taxon_215|t__SGB6067",6.08822,0.0397241601278101
"k__Bacteria|p__Proteobacteria|c__Alphaproteobacteria|o__Caulobacterales|f__Caulobacteraceae|g__Brevundimonas|s__Brevundimonas_sp_EYE_349|t__SGB38300",6.08455,0.0397002142671695
"k__Bacteria|p__Actinobacteria|c__Actinomycetia|o__Propionibacteriales|f__Propionibacteriaceae|g__Arachnia|s__Arachnia_SGB15899|t__SGB15899",5.95381,0.0388471674496909
"k__Bacteria|p__Proteobacteria|c__Alphaproteobacteria|o__Sphingomonadales|f__Sphingomonadaceae|g__Sphingopyxis|s__Sphingopyxis_microcysteis|t__SGB31632",5.81047,0.0379119086855988
"k__Bacteria|p__Proteobacteria|c__Betaproteobacteria|o__Neisseriales|f__Neisseriaceae|g__Neisseria|s__Neisseria_cinerea|t__SGB9460",5.76523,0.0376167286487109
"k__Bacteria|p__Proteobacteria|c__Alphaproteobacteria|o__Sphingomonadales|f__Sphingomonadaceae|g__Sphingomonas|s__Sphingomonas_koreensis|t__SGB11633",5.74374,0.0374765116064314
"k__Bacteria|p__Proteobacteria|c__Alphaproteobacteria|o__Sphingomonadales|f__Sphingomonadaceae|g__Sphingomonas|s__Sphingomonas_sp_JUb134|t__SGB31686",5.70956,0.0372534953893485
"k__Bacteria|p__Proteobacteria|c__Betaproteobacteria|o__Burkholderiales|f__Alcaligenaceae|g__Achromobacter|s__Achromobacter_insuavis|t__SGB13141",5.6762,0.0370358294735531
"k__Bacteria|p__Candidatus_Saccharibacteria|c__Candidatus_Saccharibacteria_unclassified|o__Candidatus_Saccharibacteria_unclassified|f__Candidatus_Saccharibacteria_unclassified|g__GGB12798|s__GGB12798_SGB135773|t__SGB135773",5.67313,0.0370157984675132
"k__Bacteria|p__Proteobacteria|c__Gammaproteobacteria|o__Moraxellales|f__Moraxellaceae|g__Acinetobacter|s__Acinetobacter_sp_ANC_4204|t__SGB10397",5.60164,0.0365493435418474
"k__Bacteria|p__Bacteroidota|c__Bacteroidia|o__Bacteroidales|f__Prevotellaceae|g__Prevotella|s__Prevotella_nanceiensis|t__SGB1536",5.59835,0.0365278770891206
"k__Bacteria|p__Candidatus_Saccharibacteria|c__Candidatus_Nanoperiomorbia|o__Candidatus_Nanoperiomorbales|f__Candidatus_Nanoperiomorbaceae|g__Candidatus_Nanoperiomorbus|s__Candidatus_Nanoperiomorbus_periodonticus|t__SGB19800",5.46451,0.035654603522872
"k__Bacteria|p__Firmicutes|c__Bacilli|o__Bacillales|f__Bacillales_unclassified|g__Gemella|s__Gemella_SGB7291|t__SGB7291",5.4418,0.0355064262762379
"k__Bacteria|p__Proteobacteria|c__Gammaproteobacteria|o__Pasteurellales|f__Pasteurellaceae|g__Haemophilus|s__Haemophilus_paraphrohaemolyticus|t__SGB9634",5.44129,0.0355030986498273
"k__Bacteria|p__Firmicutes|c__Clostridia|o__Eubacteriales|f__Eubacteriales_Family_XIII_Incertae_Sedis|g__Eubacteriales_Family_XIII_Incertae_Sedis_unclassified|s__Eubacterium_infirmum|t__SGB3936",5.39297,0.0351878223593228
"k__Bacteria|p__Firmicutes|c__Clostridia|o__Eubacteriales|f__Lachnospiraceae|g__Shuttleworthia|s__Shuttleworthia_satelles|t__SGB7281",5.35417,0.0349346617618149
"k__Bacteria|p__Proteobacteria|c__Betaproteobacteria|o__Burkholderiales|f__Burkholderiaceae|g__Lautropia|s__Lautropia_dentalis|t__SGB13164",5.2251,0.0340925112896414
"k__Bacteria|p__Firmicutes|c__Erysipelotrichia|o__Erysipelotrichales|f__Erysipelotrichaceae|g__Bulleidia|s__Bulleidia_extructa|t__SGB6820",5.15901,0.0336612900553813
"k__Bacteria|p__Bacteroidota|c__Flavobacteriia|o__Flavobacteriales|f__Flavobacteriaceae|g__Capnocytophaga|s__Capnocytophaga_SGB2480|t__SGB2480",5.15345,0.0336250124027487
"k__Bacteria|p__Firmicutes|c__Bacilli|o__Bacillales|f__Bacillales_unclassified|g__Gemella|s__Gemella_SGB7284|t__SGB7284",5.06091,0.0330212113281773
