original_metaphlan_taxon,species_search_term,abundance,relative_abundance,genome_status,genome_accession,genome_filename
k__Bacteria|p__Actinobacteria|c__Actinomycetia|o__Micrococcales|f__Micrococcaceae|g__Rothia|s__Rothia_mucilaginosa|t__SGB16971_group,Rothia mucilaginosa,1602.45496,10.4556302874475,RefSeq,GCF_049990865.1,Rothia_mucilaginosa_GCF_049990865.1.fna.gz
k__Bacteria|p__Firmicutes|c__Bacilli|o__Lactobacillales|f__Streptococcaceae|g__Streptococcus|s__Streptococcus_oralis|t__SGB8130,Streptococcus oralis,1155.39692,7.53868491303839,RefSeq,GCF_051546135.1,Streptococcus_oralis_GCF_051546135.1.fna.gz
k__Bacteria|p__Firmicutes|c__Bacilli|o__Lactobacillales|f__Streptococcaceae|g__Streptococcus|s__Streptococcus_mitis|t__SGB8168,Streptococcus mitis,638.59832,4.16669928501771,RefSeq,GCF_018603625.2,Streptococcus_mitis_GCF_018603625.2.fna.gz
k__Bacteria|p__Actinobacteria|c__Actinomycetia|o__Micrococcales|f__Micrococcaceae|g__Rothia|s__Rothia_SGB49305|t__SGB49305_group,Not Extractable,550.4319,3.59143476008665,Species Not Extractable,Not Available,Not Available
k__Bacteria|p__Firmicutes|c__Bacilli|o__Lactobacillales|f__Streptococcaceae|g__Streptococcus|s__Streptococcus_parasanguinis|t__SGB8071,Streptococcus parasanguinis,435.66478,2.84260711386368,RefSeq,GCF_018619375.2,Streptococcus_parasanguinis_GCF_018619375.2.fna.gz
k__Bacteria|p__Proteobacteria|c__Betaproteobacteria|o__Neisseriales|f__Neisseriaceae|g__Neisseria|s__Neisseria_subflava|t__SGB9450_group,Neisseria subflava,379.45505,2.47585224704531,RefSeq,GCF_031190635.1,Neisseria_subflava_GCF_031190635.1.fna.gz
k__Bacteria|p__Proteobacteria|c__Alphaproteobacteria|o__Caulobacterales|f__Caulobacteraceae|g__Brevundimonas|s__Brevundimonas_diminuta|t__SGB31770,Brevundimonas diminuta,347.70051,2.26866156869516,RefSeq,GCF_050310045.1,Brevundimonas_diminuta_GCF_050310045.1.fna.gz
k__Bacteria|p__Proteobacteria|c__Gammaproteobacteria|o__Xanthomonadales|f__Xanthomonadaceae|g__Stenotrophomonas|s__Stenotrophomonas_maltophilia|t__SGB12459,Stenotrophomonas maltophilia,336.08329,2.19286202342248,RefSeq,GCF_052149065.1,Stenotrophomonas_maltophilia_GCF_052149065.1.fna.gz
k__Bacteria|p__Firmicutes|c__Bacilli|o__Bacillales|f__Staphylococcaceae|g__Staphylococcus|s__Staphylococcus_aureus|t__SGB7852,Staphylococcus aureus,326.42631,2.1298525691204,GenBank,GCA_052363745.1,Staphylococcus_aureus_GCA_052363745.1.fna.gz
k__Bacteria|p__Firmicutes|c__Bacilli|o__Lactobacillales|f__Streptococcaceae|g__Streptococcus|s__Streptococcus_gordonii|t__SGB8053,Streptococcus gordonii,316.74664,2.06669506806683,RefSeq,GCF_051054895.1,Streptococcus_gordonii_GCF_051054895.1.fna.gz
k__Bacteria|p__Firmicutes|c__Bacilli|o__Lactobacillales|f__Streptococcaceae|g__Streptococcus|s__Streptococcus_australis|t__SGB8059_group,Streptococcus australis,300.67641,1.96184071165219,RefSeq,GCF_901543175.1,Streptococcus_australis_GCF_901543175.1.fna.gz
k__Bacteria|p__Firmicutes|c__Bacilli|o__Lactobacillales|f__Streptococcaceae|g__Streptococcus|s__Streptococcus_salivarius|t__SGB8007_group,Streptococcus salivarius,239.3657,1.56180318646589,RefSeq,GCF_018599045.2,Streptococcus_salivarius_GCF_018599045.2.fna.gz
k__Bacteria|p__Firmicutes|c__Negativicutes|o__Veillonellales|f__Veillonellaceae|g__Veillonella|s__Veillonella_rogosae|t__SGB6956,Veillonella rogosae,236.45458,1.54280883392421,RefSeq,GCF_028743475.1,Veillonella_rogosae_GCF_028743475.1.fna.gz
k__Bacteria|p__Proteobacteria|c__Gammaproteobacteria|o__Moraxellales|f__Moraxellaceae|g__Acinetobacter|s__Acinetobacter_johnsonii|t__SGB10398,Acinetobacter johnsonii,230.73127,1.50546562311693,RefSeq,GCF_050157305.1,Acinetobacter_johnsonii_GCF_050157305.1.fna.gz
k__Bacteria|p__Proteobacteria|c__Gammaproteobacteria|o__Enterobacterales|f__Enterobacteriaceae|g__Enterobacter|s__Enterobacter_hormaechei|t__SGB10130,Enterobacter hormaechei,219.11872,1.42969654846257,RefSeq,GCF_051799885.1,Enterobacter_hormaechei_GCF_051799885.1.fna.gz
k__Bacteria|p__Firmicutes|c__Negativicutes|o__Veillonellales|f__Veillonellaceae|g__Veillonella|s__Veillonella_parvula|t__SGB6939,Veillonella parvula,215.39291,1.40538654109657,RefSeq,GCF_042850485.1,Veillonella_parvula_GCF_042850485.1.fna.gz
k__Bacteria|p__Actinobacteria|c__Actinomycetia|o__Actinomycetales|f__Actinomycetaceae|g__Actinomyces|s__Actinomyces_oris|t__SGB15878,Actinomyces oris,212.35551,1.38556824215662,RefSeq,GCF_051027575.1,Actinomyces_oris_GCF_051027575.1.fna.gz
k__Bacteria|p__Firmicutes|c__Bacilli|o__Lactobacillales|f__Streptococcaceae|g__Streptococcus|s__Streptococcus_sanguinis|t__SGB8047_group,Streptococcus sanguinis,199.21925,1.29985732899636,RefSeq,GCF_050235035.1,Streptococcus_sanguinis_GCF_050235035.1.fna.gz
k__Bacteria|p__Actinobacteria|c__Actinomycetia|o__Actinomycetales|f__Actinomycetaceae|g__Actinomyces|s__Actinomyces_sp_oral_taxon_448|t__SGB15872,Actinomyces sp_oral_taxon_448,196.6688,1.28321626080271,RefSeq,GCF_905373145.1,Actinomyces_sp_oral_taxon_448_GCF_905373145.1.fna.gz
k__Bacteria|p__Proteobacteria|c__Alphaproteobacteria|o__Caulobacterales|f__Caulobacteraceae|g__Brevundimonas|s__Brevundimonas_diminuta|t__SGB11731,Brevundimonas diminuta,173.32518,1.1309047972152,RefSeq,GCF_050310045.1,Brevundimonas_diminuta_GCF_050310045.1.fna.gz
k__Bacteria|p__Firmicutes|c__Bacilli|o__Lactobacillales|f__Carnobacteriaceae|g__Granulicatella|s__Granulicatella_SGB8255|t__SGB8255_group,Not Extractable,173.09449,1.12939960086883,Species Not Extractable,Not Available,Not Available
k__Bacteria|p__Actinobacteria|c__Actinomycetia|o__Actinomycetales|f__Actinomycetaceae|g__Schaalia|s__Schaalia_SGB17157|t__SGB17157,Not Extractable,144.01221,0.93964477144384,Species Not Extractable,Not Available,Not Available
k__Bacteria|p__Proteobacteria|c__Gammaproteobacteria|o__Xanthomonadales|f__Xanthomonadaceae|g__Stenotrophomonas|s__Stenotrophomonas_maltophilia|t__SGB12453,Stenotrophomonas maltophilia,142.83413,0.931958084930643,RefSeq,GCF_052149065.1,Stenotrophomonas_maltophilia_GCF_052149065.1.fna.gz
k__Bacteria|p__Proteobacteria|c__Gammaproteobacteria|o__Xanthomonadales|f__Xanthomonadaceae|g__Stenotrophomonas|s__Stenotrophomonas_maltophilia|t__SGB12461,Stenotrophomonas maltophilia,139.0506,0.907271468552068,RefSeq,GCF_052149065.1,Stenotrophomonas_maltophilia_GCF_052149065.1.fna.gz
k__Bacteria|p__Actinobacteria|c__Actinomycetia|o__Actinomycetales|f__Actinomycetaceae|g__Schaalia|s__Schaalia_odontolytica|t__SGB17161_group,Schaalia odontolytica,132.04381,0.861553861773413,RefSeq,GCF_031191545.1,Schaalia_odontolytica_GCF_031191545.1.fna.gz
k__Bacteria|p__Actinobacteria|c__Actinomycetia|o__Actinomycetales|f__Actinomycetaceae|g__Actinomyces|s__Actinomyces_dentalis|t__SGB15877,Actinomyces dentalis,129.86544,0.847340525412766,GenBank,GCA_965240955.1,Actinomyces_dentalis_GCA_965240955.1.fna.gz
k__Bacteria|p__Proteobacteria|c__Gammaproteobacteria|o__Moraxellales|f__Moraxellaceae|g__Acinetobacter|s__Acinetobacter_lwoffii|t__SGB10405,Acinetobacter lwoffii,120.37213,0.785398978198155,RefSeq,GCF_050703235.1,Acinetobacter_lwoffii_GCF_050703235.1.fna.gz
k__Bacteria|p__Firmicutes|c__Negativicutes|o__Veillonellales|f__Veillonellaceae|g__Veillonella|s__Veillonella_dispar|t__SGB6952,Veillonella dispar,115.95818,0.756599024090691,RefSeq,GCF_900637515.1,Veillonella_dispar_GCF_900637515.1.fna.gz
k__Bacteria|p__Bacteroidota|c__Bacteroidia|o__Bacteroidales|f__Porphyromonadaceae|g__Porphyromonas|s__Porphyromonas_bobii|t__SGB2043,Porphyromonas bobii,114.66153,0.748138697060832,RefSeq,GCF_943169685.1,Porphyromonas_bobii_GCF_943169685.1.fna.gz
k__Bacteria|p__Proteobacteria|c__Alphaproteobacteria|o__Hyphomicrobiales|f__Rhizobiaceae|g__Rhizobium|s__Rhizobium_pusense|t__SGB11087,Rhizobium pusense,112.60224,0.734702328843258,GenBank,GCA_032229345.1,Rhizobium_pusense_GCA_032229345.1.fna.gz
k__Bacteria|p__Proteobacteria|c__Gammaproteobacteria|o__Moraxellales|f__Moraxellaceae|g__Moraxella|s__Moraxella_osloensis|t__SGB10439,Moraxella osloensis,107.49297,0.70136558023427,RefSeq,GCF_040364415.1,Moraxella_osloensis_GCF_040364415.1.fna.gz
k__Bacteria|p__Firmicutes|c__Bacilli|o__Lactobacillales|f__Streptococcaceae|g__Streptococcus|s__Streptococcus_vestibularis|t__SGB8003,Streptococcus vestibularis,105.35492,0.687415322102786,RefSeq,GCF_018619455.2,Streptococcus_vestibularis_GCF_018619455.2.fna.gz
k__Bacteria|p__Actinobacteria|c__Actinomycetia|o__Micrococcales|f__Intrasporangiaceae|g__Janibacter|s__Janibacter_hoylei|t__SGB16018,Janibacter hoylei,104.58032,0.682361244813364,RefSeq,GCF_042899565.1,Janibacter_hoylei_GCF_042899565.1.fna.gz
k__Bacteria|p__Firmicutes|c__Bacilli|o__Lactobacillales|f__Carnobacteriaceae|g__Granulicatella|s__Granulicatella_adiacens|t__SGB8249,Granulicatella adiacens,100.08797,0.65304974970475,GenBank,GCA_052369005.1,Granulicatella_adiacens_GCA_052369005.1.fna.gz
k__Bacteria|p__Actinobacteria|c__Actinomycetia|o__Actinomycetales|f__Actinomycetaceae|g__Actinomyces|s__Actinomyces_sp_ICM47|t__SGB17167_group,Actinomyces sp_ICM47,98.91527,0.645398166387806,RefSeq,GCF_905370305.1,Actinomyces_sp_ICM47_GCF_905370305.1.fna.gz
k__Bacteria|p__Proteobacteria|c__Alphaproteobacteria|o__Hyphomicrobiales|f__Rhizobiaceae|g__Rhizobium|s__Rhizobium_oryzihabitans|t__SGB11090,Rhizobium oryzihabitans,92.21606,0.601687444572591,RefSeq,GCF_010669145.1,Rhizobium_oryzihabitans_GCF_010669145.1.fna.gz
k__Bacteria|p__Proteobacteria|c__Betaproteobacteria|o__Burkholderiales|f__Comamonadaceae|g__Delftia|s__Delftia_acidovorans|t__SGB12680,Delftia acidovorans,91.50531,0.597049973060254,RefSeq,GCF_965262575.1,Delftia_acidovorans_GCF_965262575.1.fna.gz
k__Bacteria|p__Proteobacteria|c__Betaproteobacteria|o__Neisseriales|f__Neisseriaceae|g__Neisseria|s__Neisseria_sicca|t__SGB9465_group,Neisseria sicca,86.41009,0.563804897296497,RefSeq,GCF_019334765.1,Neisseria_sicca_GCF_019334765.1.fna.gz
k__Bacteria|p__Actinobacteria|c__Actinomycetia|o__Micrococcales|f__Micrococcaceae|g__Kocuria|s__Kocuria_rhizophila|t__SGB16671,Kocuria rhizophila,84.88518,0.553855229081403,RefSeq,GCF_050779905.1,Kocuria_rhizophila_GCF_050779905.1.fna.gz
k__Bacteria|p__Proteobacteria|c__Alphaproteobacteria|o__Caulobacterales|f__Caulobacteraceae|g__Brevundimonas|s__Brevundimonas_diminuta|t__SGB11732,Brevundimonas diminuta,83.97491,0.547915937919201,RefSeq,GCF_050310045.1,Brevundimonas_diminuta_GCF_050310045.1.fna.gz
k__Bacteria|p__Bacteroidota|c__Flavobacteriia|o__Flavobacteriales|f__Weeksellaceae|g__Chryseobacterium|s__Chryseobacterium_indologenes|t__SGB2570,Chryseobacterium indologenes,79.78139,0.520554236144434,RefSeq,GCF_050821985.1,Chryseobacterium_indologenes_GCF_050821985.1.fna.gz
k__Bacteria|p__Firmicutes|c__Bacilli|o__Lactobacillales|f__Streptococcaceae|g__Streptococcus|s__Streptococcus_intermedius|t__SGB8025,Streptococcus intermedius,78.51585,0.512296894325619,RefSeq,GCF_032937075.1,Streptococcus_intermedius_GCF_032937075.1.fna.gz
k__Bacteria|p__Firmicutes|c__Bacilli|o__Bacillales|f__Staphylococcaceae|g__Staphylococcus|s__Staphylococcus_warneri|t__SGB7857,Staphylococcus warneri,75.94478,0.495521285628855,RefSeq,GCF_040409895.1,Staphylococcus_warneri_GCF_040409895.1.fna.gz
k__Bacteria|p__Proteobacteria|c__Gammaproteobacteria|o__Pseudomonadales|f__Pseudomonadaceae|g__Pseudomonas|s__Pseudomonas_putida|t__SGB12293,Pseudomonas putida,74.3568,0.485160100947658,RefSeq,GCF_052075905.1,Pseudomonas_putida_GCF_052075905.1.fna.gz
k__Bacteria|p__Firmicutes|c__Bacilli|o__Lactobacillales|f__Enterococcaceae|g__Enterococcus|s__Enterococcus_faecalis|t__SGB7962,Enterococcus faecalis,72.6223,0.473842908772985,RefSeq,GCF_052084695.1,Enterococcus_faecalis_GCF_052084695.1.fna.gz
k__Bacteria|p__Actinobacteria|c__Actinomycetia|o__Micrococcales|f__Micrococcaceae|g__Rothia|s__Rothia_aeria|t__SGB16987,Rothia aeria,71.70578,0.46786283787536,RefSeq,GCF_019334745.1,Rothia_aeria_GCF_019334745.1.fna.gz
k__Bacteria|p__Firmicutes|c__Bacilli|o__Lactobacillales|f__Aerococcaceae|g__Abiotrophia|s__Abiotrophia_defectiva|t__SGB8235_group,Abiotrophia defectiva,71.3228,0.465363986183773,RefSeq,GCF_037041345.1,Abiotrophia_defectiva_GCF_037041345.1.fna.gz
k__Bacteria|p__Actinobacteria|c__Actinomycetia|o__Micrococcales|f__Micrococcaceae|g__Rothia|s__Rothia_mucilaginosa|t__SGB16986,Rothia mucilaginosa,68.41709,0.446404932581082,RefSeq,GCF_049990865.1,Rothia_mucilaginosa_GCF_049990865.1.fna.gz
k__Bacteria|p__Proteobacteria|c__Gammaproteobacteria|o__Pasteurellales|f__Pasteurellaceae|g__Haemophilus|s__Haemophilus_parainfluenzae|t__SGB9712,Haemophilus parainfluenzae,67.84774,0.442690061802961,RefSeq,GCF_036288925.1,Haemophilus_parainfluenzae_GCF_036288925.1.fna.gz
k__Bacteria|p__Firmicutes|c__Bacilli|o__Bacillales|f__Staphylococcaceae|g__Staphylococcus|s__Staphylococcus_epidermidis|t__SGB7865,Staphylococcus epidermidis,67.51996,0.440551376734634,GenBank,GCA_052147385.1,Staphylococcus_epidermidis_GCA_052147385.1.fna.gz
k__Bacteria|p__Proteobacteria|c__Alphaproteobacteria|o__Caulobacterales|f__Caulobacteraceae|g__Brevundimonas|s__Brevundimonas_SGB101999|t__SGB101999,Not Extractable,62.98337,0.410951226346799,Species Not Extractable,Not Available,Not Available
k__Bacteria|p__Proteobacteria|c__Gammaproteobacteria|o__Xanthomonadales|f__Xanthomonadaceae|g__Stenotrophomonas|s__Stenotrophomonas_maltophilia|t__SGB12457,Stenotrophomonas maltophilia,62.86609,0.410186002767528,RefSeq,GCF_052149065.1,Stenotrophomonas_maltophilia_GCF_052149065.1.fna.gz
k__Bacteria|p__Proteobacteria|c__Gammaproteobacteria|o__Xanthomonadales|f__Xanthomonadaceae|g__Stenotrophomonas|s__Stenotrophomonas_indicatrix|t__SGB12448,Stenotrophomonas indicatrix,60.53074,0.394948409948201,RefSeq,GCF_050920545.1,Stenotrophomonas_indicatrix_GCF_050920545.1.fna.gz
k__Bacteria|p__Proteobacteria|c__Betaproteobacteria|o__Burkholderiales|f__Alcaligenaceae|g__Achromobacter|s__Achromobacter_mucicolens|t__SGB13145,Achromobacter mucicolens,57.38675,0.374434637088444,RefSeq,GCF_964252965.1,Achromobacter_mucicolens_GCF_964252965.1.fna.gz
k__Bacteria|p__Actinobacteria|c__Actinomycetia|o__Corynebacteriales|f__Corynebacteriaceae|g__Corynebacterium|s__Corynebacterium_accolens|t__SGB17097,Corynebacterium accolens,56.34525,0.367639101977506,RefSeq,GCF_030516055.1,Corynebacterium_accolens_GCF_030516055.1.fna.gz
k__Bacteria|p__Proteobacteria|c__Alphaproteobacteria|o__Sphingomonadales|f__Sphingomonadaceae|g__Sphingobium|s__Sphingobium_yanoikuyae|t__SGB11614,Sphingobium yanoikuyae,51.95139,0.338970230251586,RefSeq,GCF_034424525.1,Sphingobium_yanoikuyae_GCF_034424525.1.fna.gz
k__Bacteria|p__Proteobacteria|c__Betaproteobacteria|o__Burkholderiales|f__Burkholderiaceae|g__Lautropia|s__Lautropia_mirabilis|t__SGB13165,Lautropia mirabilis,50.92018,0.332241834897049,GenBank,GCA_037055285.1,Lautropia_mirabilis_GCA_037055285.1.fna.gz
k__Bacteria|p__Candidatus_Saccharibacteria|c__Candidatus_Saccharimonadia|o__Candidatus_Saccharimonadales|f__Candidatus_Saccharimonadaceae|g__Candidatus_Nanosynsacchari|s__Candidatus_Nanosynsacchari_sp_TM7_ANC_38_39_G1_1|t__SGB19882,Candidatus_Nanosynsacchari sp_TM7_ANC_38_39_G1_1,50.8947,0.332075584071675,RefSeq,GCF_004138385.1,Candidatus_Nanosynsacchari_sp_TM7_ANC_38_39_G1_1_GCF_004138385.1.fna.gz
k__Bacteria|p__Firmicutes|c__Clostridia|o__Eubacteriales|f__Eubacteriales_Family_XIII_Incertae_Sedis|g__Eubacteriales_Family_XIII_Incertae_Sedis_unclassified|s__Eubacterium_brachy|t__SGB3931,Eubacteriales_Family_XIII_Incertae_Sedis_unclassified Eubacterium_brachy,50.85701,0.331829665955179,Download Failed,Not Available,Not Available
k__Bacteria|p__Proteobacteria|c__Gammaproteobacteria|o__Moraxellales|f__Moraxellaceae|g__Acinetobacter|s__Acinetobacter_guillouiae|t__SGB10380,Acinetobacter guillouiae,50.35345,0.328544058984018,RefSeq,GCF_965240475.1,Acinetobacter_guillouiae_GCF_965240475.1.fna.gz
k__Bacteria|p__Proteobacteria|c__Gammaproteobacteria|o__Pseudomonadales|f__Pseudomonadaceae|g__Pseudomonas|s__Pseudomonas_fulva|t__SGB12272,Pseudomonas fulva,49.41574,0.322425728471414,RefSeq,GCF_050517415.1,Pseudomonas_fulva_GCF_050517415.1.fna.gz
k__Bacteria|p__Proteobacteria|c__Alphaproteobacteria|o__Caulobacterales|f__Caulobacteraceae|g__Brevundimonas|s__Brevundimonas_aurantiaca|t__SGB11740,Brevundimonas aurantiaca,49.2278,0.321199465515341,GenBank,GCA_046296095.1,Brevundimonas_aurantiaca_GCA_046296095.1.fna.gz
k__Bacteria|p__Proteobacteria|c__Gammaproteobacteria|o__Pseudomonadales|f__Pseudomonadaceae|g__Pseudomonas|s__Pseudomonas_atacamensis|t__SGB12194,Pseudomonas atacamensis,49.10414,0.32039261398215,RefSeq,GCF_040703105.1,Pseudomonas_atacamensis_GCF_040703105.1.fna.gz
k__Bacteria|p__Firmicutes|c__Bacilli|o__Bacillales|f__Bacillales_unclassified|g__Gemella|s__Gemella_sanguinis|t__SGB7298_group,Gemella sanguinis,47.96369,0.31295145409999,RefSeq,GCF_009730295.1,Gemella_sanguinis_GCF_009730295.1.fna.gz
k__Bacteria|p__Proteobacteria|c__Gammaproteobacteria|o__Moraxellales|f__Moraxellaceae|g__Acinetobacter|s__Acinetobacter_junii|t__SGB10370,Acinetobacter junii,47.69484,0.311197273001022,RefSeq,GCF_035320785.1,Acinetobacter_junii_GCF_035320785.1.fna.gz
k__Bacteria|p__Proteobacteria|c__Betaproteobacteria|o__Neisseriales|f__Neisseriaceae|g__Neisseria|s__Neisseria_sicca|t__SGB9467_group,Neisseria sicca,47.68331,0.311122042545113,RefSeq,GCF_019334765.1,Neisseria_sicca_GCF_019334765.1.fna.gz
k__Bacteria|p__Actinobacteria|c__Actinomycetia|o__Corynebacteriales|f__Corynebacteriaceae|g__Corynebacterium|s__Corynebacterium_durum|t__SGB17008,Corynebacterium durum,46.8852,0.305914568202923,GenBank,GCA_052367675.1,Corynebacterium_durum_GCA_052367675.1.fna.gz
k__Bacteria|p__Actinobacteria|c__Actinomycetia|o__Actinomycetales|f__Actinomycetaceae|g__Actinomyces|s__Actinomyces_naeslundii|t__SGB15888,Actinomyces naeslundii,43.52444,0.283986423623532,RefSeq,GCF_023170065.1,Actinomyces_naeslundii_GCF_023170065.1.fna.gz
k__Bacteria|p__Proteobacteria|c__Alphaproteobacteria|o__Caulobacterales|f__Caulobacteraceae|g__Brevundimonas|s__Brevundimonas_mediterranea|t__SGB11739,Brevundimonas mediterranea,42.79787,0.279245730444892,RefSeq,GCF_011064825.1,Brevundimonas_mediterranea_GCF_011064825.1.fna.gz
k__Bacteria|p__Proteobacteria|c__Gammaproteobacteria|o__Xanthomonadales|f__Xanthomonadaceae|g__Stenotrophomonas|s__Stenotrophomonas_maltophilia|t__SGB12452,Stenotrophomonas maltophilia,41.99139,0.273983643881023,RefSeq,GCF_052149065.1,Stenotrophomonas_maltophilia_GCF_052149065.1.fna.gz
k__Bacteria|p__Actinobacteria|c__Actinomycetia|o__Actinomycetales|f__Actinomycetaceae|g__Actinobaculum|s__Actinobaculum_sp_oral_taxon_183|t__SGB15892,Actinobaculum sp_oral_taxon_183,41.93636,0.273624586466568,GenBank,GCA_905372705.1,Actinobaculum_sp_oral_taxon_183_GCA_905372705.1.fna.gz
k__Bacteria|p__Proteobacteria|c__Gammaproteobacteria|o__Pasteurellales|f__Pasteurellaceae|g__Haemophilus|s__Haemophilus_haemolyticus|t__SGB9649,Haemophilus haemolyticus,40.62687,0.265080481548256,RefSeq,GCF_002985765.2,Haemophilus_haemolyticus_GCF_002985765.2.fna.gz
k__Bacteria|p__Proteobacteria|c__Gammaproteobacteria|o__Pasteurellales|f__Pasteurellaceae|g__Haemophilus|s__Haemophilus_sputorum|t__SGB9631_group,Haemophilus sputorum,40.29235,0.262897819613248,RefSeq,GCF_041433455.1,Haemophilus_sputorum_GCF_041433455.1.fna.gz
k__Bacteria|p__Proteobacteria|c__Gammaproteobacteria|o__Enterobacterales|f__Enterobacteriaceae|g__Klebsiella|s__Klebsiella_michiganensis|t__SGB10119,Klebsiella michiganensis,39.97137,0.260803502897061,RefSeq,GCF_050990815.1,Klebsiella_michiganensis_GCF_050990815.1.fna.gz
k__Bacteria|p__Actinobacteria|c__Actinomycetia|o__Actinomycetales|f__Actinomycetaceae|g__Actinomyces|s__Actinomyces_massiliensis|t__SGB15873,Actinomyces massiliensis,39.88355,0.260230498678681,RefSeq,GCF_030644185.1,Actinomyces_massiliensis_GCF_030644185.1.fna.gz
k__Bacteria|p__Proteobacteria|c__Gammaproteobacteria|o__Xanthomonadales|f__Xanthomonadaceae|g__Pseudoxanthomonas|s__Pseudoxanthomonas_mexicana|t__SGB88901,Pseudoxanthomonas mexicana,39.42281,0.257224281830852,RefSeq,GCF_046736355.1,Pseudoxanthomonas_mexicana_GCF_046736355.1.fna.gz
k__Bacteria|p__Firmicutes|c__Bacilli|o__Bacillales|f__Bacillales_unclassified|g__Gemella|s__Gemella_haemolysans|t__SGB7285_group,Gemella haemolysans,38.83788,0.253407755328269,RefSeq,GCF_020097455.1,Gemella_haemolysans_GCF_020097455.1.fna.gz
k__Bacteria|p__Proteobacteria|c__Gammaproteobacteria|o__Xanthomonadales|f__Xanthomonadaceae|g__Stenotrophomonas|s__Stenotrophomonas_maltophilia|t__SGB12450,Stenotrophomonas maltophilia,38.47497,0.251039855523074,RefSeq,GCF_052149065.1,Stenotrophomonas_maltophilia_GCF_052149065.1.fna.gz
k__Bacteria|p__Proteobacteria|c__Gammaproteobacteria|o__Pasteurellales|f__Pasteurellaceae|g__Aggregatibacter|s__Aggregatibacter_kilianii|t__SGB9731,Aggregatibacter kilianii,38.05655,0.248309766419744,RefSeq,GCF_963554095.1,Aggregatibacter_kilianii_GCF_963554095.1.fna.gz
k__Bacteria|p__Actinobacteria|c__Actinomycetia|o__Actinomycetales|f__Actinomycetaceae|g__Actinomyces|s__Actinomyces_oris|t__SGB15881,Actinomyces oris,37.85461,0.246992156856323,RefSeq,GCF_051027575.1,Actinomyces_oris_GCF_051027575.1.fna.gz
k__Bacteria|p__Actinobacteria|c__Actinomycetia|o__Actinomycetales|f__Actinomycetaceae|g__Actinomyces|s__Actinomyces_sp_ph3|t__SGB17137_group,Actinomyces sp_ph3,37.81533,0.246735864375134,RefSeq,GCF_000308055.1,Actinomyces_sp_ph3_GCF_000308055.1.fna.gz
k__Bacteria|p__Firmicutes|c__Bacilli|o__Lactobacillales|f__Streptococcaceae|g__Streptococcus|s__Streptococcus_sp_F0442|t__SGB8067,Streptococcus sp_F0442,37.5629,0.24508881979707,RefSeq,GCF_000314795.2,Streptococcus_sp_F0442_GCF_000314795.2.fna.gz
k__Bacteria|p__Actinobacteria|c__Actinomycetia|o__Actinomycetales|f__Actinomycetaceae|g__Actinomyces|s__Actinomyces_gerencseriae|t__SGB15874,Actinomyces gerencseriae,37.53171,0.244885312605414,GenBank,GCA_965242215.1,Actinomyces_gerencseriae_GCA_965242215.1.fna.gz
k__Bacteria|p__Bacteroidota|c__Sphingobacteriia|o__Sphingobacteriales|f__Sphingobacteriaceae|g__Sphingobacterium|s__Sphingobacterium_spiritivorum|t__SGB3145,Sphingobacterium spiritivorum,37.30456,0.243403213901189,RefSeq,GCF_034424195.1,Sphingobacterium_spiritivorum_GCF_034424195.1.fna.gz
k__Bacteria|p__Actinobacteria|c__Actinomycetia|o__Actinomycetales|f__Actinomycetaceae|g__Schaalia|s__Schaalia_SGB17158|t__SGB17158_group,Not Extractable,36.93819,0.241012738434464,Species Not Extractable,Not Available,Not Available
k__Bacteria|p__Proteobacteria|c__Gammaproteobacteria|o__Pseudomonadales|f__Pseudomonadaceae|g__Pseudomonas|s__Pseudomonas_juntendi|t__SGB12288,Pseudomonas juntendi,36.87822,0.240621448717131,RefSeq,GCF_037094725.1,Pseudomonas_juntendi_GCF_037094725.1.fna.gz
k__Bacteria|p__Firmicutes|c__Bacilli|o__Lactobacillales|f__Streptococcaceae|g__Streptococcus|s__Streptococcus_anginosus|t__SGB8028_group,Streptococcus anginosus,35.30876,0.230381102547939,RefSeq,GCF_050613235.1,Streptococcus_anginosus_GCF_050613235.1.fna.gz
k__Bacteria|p__Firmicutes|c__Bacilli|o__Lactobacillales|f__Streptococcaceae|g__Streptococcus|s__Streptococcus_rubneri|t__SGB8056,Streptococcus rubneri,34.18561,0.223052820973432,RefSeq,GCF_019334785.1,Streptococcus_rubneri_GCF_019334785.1.fna.gz
k__Bacteria|p__Proteobacteria|c__Alphaproteobacteria|o__Hyphomicrobiales|f__Phyllobacteriaceae|g__Mesorhizobium|s__Mesorhizobium_hungaricum|t__SGB11031,Mesorhizobium hungaricum,32.7537,0.213709955221436,RefSeq,GCF_001705425.1,Mesorhizobium_hungaricum_GCF_001705425.1.fna.gz
k__Bacteria|p__Proteobacteria|c__Betaproteobacteria|o__Neisseriales|f__Neisseriaceae|g__Neisseria|s__Neisseria_elongata|t__SGB9447,Neisseria elongata,31.97313,0.208616925128739,RefSeq,GCF_003351685.1,Neisseria_elongata_GCF_003351685.1.fna.gz
k__Bacteria|p__Actinobacteria|c__Actinomycetia|o__Actinomycetales|f__Actinomycetaceae|g__Schaalia|s__Schaalia_meyeri|t__SGB17151,Schaalia meyeri,31.57429,0.206014590780542,RefSeq,GCF_016127995.1,Schaalia_meyeri_GCF_016127995.1.fna.gz
k__Bacteria|p__Actinobacteria|c__Actinomycetia|o__Micrococcales|f__Micrococcaceae|g__Micrococcus|s__Micrococcus_luteus|t__SGB16676,Micrococcus luteus,31.42883,0.205065499530195,RefSeq,GCF_050574135.1,Micrococcus_luteus_GCF_050574135.1.fna.gz
k__Bacteria|p__Proteobacteria|c__Gammaproteobacteria|o__Moraxellales|f__Moraxellaceae|g__Acinetobacter|s__Acinetobacter_radioresistens|t__SGB10375,Acinetobacter radioresistens,29.19708,0.190503871605244,RefSeq,GCF_047946995.1,Acinetobacter_radioresistens_GCF_047946995.1.fna.gz
k__Bacteria|p__Actinobacteria|c__Actinomycetia|o__Actinomycetales|f__Actinomycetaceae|g__Schaalia|s__Schaalia_SGB17168|t__SGB17168,Not Extractable,29.01937,0.189344356920113,Species Not Extractable,Not Available,Not Available
k__Bacteria|p__Proteobacteria|c__Betaproteobacteria|o__Neisseriales|f__Neisseriaceae|g__Neisseria|s__Neisseria_sp_oral_taxon_014|t__SGB9463,Neisseria sp_oral_taxon_014,28.80361,0.187936575205724,RefSeq,GCF_905372545.1,Neisseria_sp_oral_taxon_014_GCF_905372545.1.fna.gz
k__Bacteria|p__Bacteroidota|c__Flavobacteriia|o__Flavobacteriales|f__Weeksellaceae|g__Chryseobacterium|s__Chryseobacterium_phocaeense|t__SGB28183,Chryseobacterium phocaeense,27.70629,0.180776828121773,RefSeq,GCF_900169075.1,Chryseobacterium_phocaeense_GCF_900169075.1.fna.gz
k__Eukaryota|p__Ascomycota|c__Saccharomycetes|o__Saccharomycetales|f__Debaryomycetaceae|g__Candida|s__Candida_albicans|t__EUK5476,Candida albicans,27.56613,0.179862318087065,GenBank,GCA_041438225.1,Candida_albicans_GCA_041438225.1.fna.gz
k__Bacteria|p__Candidatus_Saccharibacteria|c__Candidatus_Nanosyncoccalia|o__Candidatus_Nanogingivales|f__Candidatus_Nanogingivalaceae|g__GGB12785|s__GGB12785_SGB19825|t__SGB19825,Not Extractable,26.81248,0.174944934470782,Species Not Extractable,Not Available,Not Available
k__Bacteria|p__Bacteroidota|c__Flavobacteriia|o__Flavobacteriales|f__Flavobacteriaceae|g__Capnocytophaga|s__Capnocytophaga_leadbetteri|t__SGB2492,Capnocytophaga leadbetteri,25.24681,0.164729317133152,RefSeq,GCF_041734475.1,Capnocytophaga_leadbetteri_GCF_041734475.1.fna.gz
k__Bacteria|p__Firmicutes|c__Bacilli|o__Bacillales|f__Bacillales_unclassified|g__Gemella|s__Gemella_haemolysans|t__SGB7292,Gemella haemolysans,25.12175,0.163913330939226,RefSeq,GCF_020097455.1,Gemella_haemolysans_GCF_020097455.1.fna.gz
k__Bacteria|p__Actinobacteria|c__Actinomycetia|o__Actinomycetales|f__Actinomycetaceae|g__Actinomyces|s__Actinomyces_sp_HMT897|t__SGB15876,Actinomyces sp_HMT897,25.00566,0.163155871821579,RefSeq,GCF_016626125.1,Actinomyces_sp_HMT897_GCF_016626125.1.fna.gz
k__Bacteria|p__Proteobacteria|c__Gammaproteobacteria|o__Pasteurellales|f__Pasteurellaceae|g__Haemophilus|s__Haemophilus_parahaemolyticus|t__SGB9632,Haemophilus parahaemolyticus,24.8902,0.162402523301264,RefSeq,GCF_016889385.1,Haemophilus_parahaemolyticus_GCF_016889385.1.fna.gz
k__Bacteria|p__Proteobacteria|c__Gammaproteobacteria|o__Pseudomonadales|f__Pseudomonadaceae|g__Pseudomonas|s__Pseudomonas_putida|t__SGB22748,Pseudomonas putida,24.68897,0.161089546315787,RefSeq,GCF_052075905.1,Pseudomonas_putida_GCF_052075905.1.fna.gz
k__Bacteria|p__Proteobacteria|c__Alphaproteobacteria|o__Caulobacterales|f__Caulobacteraceae|g__Brevundimonas|s__Brevundimonas_SGB38301|t__SGB38301,Not Extractable,24.4717,0.15967191221732,Species Not Extractable,Not Available,Not Available
k__Bacteria|p__Actinobacteria|c__Actinomycetia|o__Actinomycetales|f__Actinomycetaceae|g__Schaalia|s__Schaalia_odontolytica|t__SGB17169,Schaalia odontolytica,23.9361,0.156177252010485,RefSeq,GCF_031191545.1,Schaalia_odontolytica_GCF_031191545.1.fna.gz
k__Bacteria|p__Firmicutes|c__Negativicutes|o__Veillonellales|f__Veillonellaceae|g__Veillonella|s__Veillonella_atypica|t__SGB6936,Veillonella atypica,23.59169,0.153930060222143,GenBank,GCA_032695835.1,Veillonella_atypica_GCA_032695835.1.fna.gz
k__Bacteria|p__Proteobacteria|c__Gammaproteobacteria|o__Pseudomonadales|f__Pseudomonadaceae|g__Pseudomonas|s__Pseudomonas_lactis|t__SGB66296,Pseudomonas lactis,23.54259,0.153609694620658,GenBank,GCA_036967185.1,Pseudomonas_lactis_GCA_036967185.1.fna.gz
k__Bacteria|p__Firmicutes|c__Bacilli|o__Lactobacillales|f__Streptococcaceae|g__Streptococcus|s__Streptococcus_cristatus|t__SGB97158,Streptococcus cristatus,23.32103,0.152164069311796,RefSeq,GCF_011612585.1,Streptococcus_cristatus_GCF_011612585.1.fna.gz
k__Bacteria|p__Proteobacteria|c__Gammaproteobacteria|o__Pseudomonadales|f__Pseudomonadaceae|g__Pseudomonas|s__Pseudomonas_proteolytica|t__SGB12165,Pseudomonas proteolytica,23.30507,0.152059934179419,GenBank,GCA_000708695.3,Pseudomonas_proteolytica_GCA_000708695.3.fna.gz
k__Bacteria|p__Proteobacteria|c__Gammaproteobacteria|o__Pseudomonadales|f__Pseudomonadaceae|g__Pseudomonas|s__Pseudomonas_aeruginosa|t__SGB12320,Pseudomonas aeruginosa,23.15396,0.151073978048249,Download Failed,Not Available,Not Available
k__Bacteria|p__Firmicutes|c__Bacilli|o__Lactobacillales|f__Aerococcaceae|g__Abiotrophia|s__Abiotrophia_sp_HMSC24B09|t__SGB8236,Abiotrophia sp_HMSC24B09,22.35527,0.145862719346612,RefSeq,GCF_905372995.1,Abiotrophia_sp_HMSC24B09_GCF_905372995.1.fna.gz
k__Bacteria|p__Actinobacteria|c__Coriobacteriia|o__Coriobacteriales|f__Atopobiaceae|g__Olsenella|s__Olsenella_sp_oral_taxon_807|t__SGB14348,Olsenella sp_oral_taxon_807,22.11685,0.144307086623472,RefSeq,GCF_001189515.2,Olsenella_sp_oral_taxon_807_GCF_001189515.2.fna.gz
k__Bacteria|p__Proteobacteria|c__Gammaproteobacteria|o__Moraxellales|f__Moraxellaceae|g__Acinetobacter|s__Acinetobacter_ursingii|t__SGB10372,Acinetobacter ursingii,22.10676,0.144241251818605,RefSeq,GCF_041501495.1,Acinetobacter_ursingii_GCF_041501495.1.fna.gz
k__Bacteria|p__Firmicutes|c__Bacilli|o__Bacillales|f__Staphylococcaceae|g__Staphylococcus|s__Staphylococcus_haemolyticus|t__SGB7861,Staphylococcus haemolyticus,22.08104,0.144073435051391,RefSeq,GCF_049262575.1,Staphylococcus_haemolyticus_GCF_049262575.1.fna.gz
k__Bacteria|p__Actinobacteria|c__Actinomycetia|o__Corynebacteriales|f__Nocardiaceae|g__Rhodococcus|s__Rhodococcus_qingshengii|t__SGB15824,Rhodococcus qingshengii,21.2671,0.138762673795321,GenBank,GCA_965263445.1,Rhodococcus_qingshengii_GCA_965263445.1.fna.gz
k__Bacteria|p__Actinobacteria|c__Actinomycetia|o__Actinomycetales|f__Actinomycetaceae|g__Actinomyces|s__Actinomyces_graevenitzii|t__SGB17130_group,Actinomyces graevenitzii,20.99563,0.136991397831263,GenBank,GCA_023302925.1,Actinomyces_graevenitzii_GCA_023302925.1.fna.gz
k__Bacteria|p__Candidatus_Saccharibacteria|c__Candidatus_Nanosyncoccalia|o__Candidatus_Nanogingivales|f__Candidatus_Nanogingivalaceae|g__Candidatus_Nanogingivalis|s__Candidatus_Nanogingivalis_gingivitcus|t__SGB19822,Candidatus_Nanogingivalis gingivitcus,20.54545,0.134054082424406,GenBank,GCA_963530965.1,Candidatus_Nanogingivalis_gingivitcus_GCA_963530965.1.fna.gz
k__Bacteria|p__Firmicutes|c__Bacilli|o__Lactobacillales|f__Streptococcaceae|g__Streptococcus|s__Streptococcus_constellatus|t__SGB8026,Streptococcus constellatus,20.50988,0.133821996794165,RefSeq,GCF_019336935.2,Streptococcus_constellatus_GCF_019336935.2.fna.gz
k__Bacteria|p__Candidatus_Saccharibacteria|c__Candidatus_Saccharibacteria_unclassified|o__Candidatus_Saccharibacteria_unclassified|f__Candidatus_Saccharibacteria_unclassified|g__Candidatus_Saccharibacteria_unclassified|s__TM7_phylum_sp_oral_taxon_352|t__SGB19860_group,Candidatus_Saccharibacteria_unclassified TM7_phylum_sp_oral_taxon_352,20.38742,0.133022974970175,Download Failed,Not Available,Not Available
k__Bacteria|p__Actinobacteria|c__Coriobacteriia|o__Coriobacteriales|f__Atopobiaceae|g__Lancefieldella|s__Lancefieldella_rimae|t__SGB985,Lancefieldella rimae,19.96538,0.130269266244087,RefSeq,GCF_965240815.1,Lancefieldella_rimae_GCF_965240815.1.fna.gz
k__Bacteria|p__Firmicutes|c__Negativicutes|o__Veillonellales|f__Veillonellaceae|g__Dialister|s__Dialister_invisus|t__SGB5825_group,Dialister invisus,19.82973,0.12938418286646,GenBank,GCA_052357885.1,Dialister_invisus_GCA_052357885.1.fna.gz
k__Bacteria|p__Proteobacteria|c__Alphaproteobacteria|o__Hyphomicrobiales|f__Rhizobiaceae|g__Agrobacterium|s__Agrobacterium_tomkonis|t__SGB11096,Agrobacterium tomkonis,19.7251,0.128701497471686,RefSeq,GCF_020218035.1,Agrobacterium_tomkonis_GCF_020218035.1.fna.gz
k__Bacteria|p__Actinobacteria|c__Actinomycetia|o__Actinomycetales|f__Actinomycetaceae|g__Schaalia|s__Schaalia_SGB17153|t__SGB17153,Not Extractable,19.65001,0.128211553418416,Species Not Extractable,Not Available,Not Available
k__Bacteria|p__Firmicutes|c__Bacilli|o__Bacillales|f__Bacillales_unclassified|g__Gemella|s__Gemella_morbillorum|t__SGB7295,Gemella morbillorum,19.61088,0.127956239650878,RefSeq,GCF_020097435.1,Gemella_morbillorum_GCF_020097435.1.fna.gz
k__Bacteria|p__Bacteroidota|c__Bacteroidia|o__Bacteroidales|f__Prevotellaceae|g__Prevotella|s__Prevotella_melaninogenica|t__SGB1552,Prevotella melaninogenica,19.21284,0.125359125108816,RefSeq,GCF_020735905.1,Prevotella_melaninogenica_GCF_020735905.1.fna.gz
k__Bacteria|p__Firmicutes|c__Tissierellia|o__Tissierellales|f__Peptoniphilaceae|g__Parvimonas|s__Parvimonas_micra|t__SGB6653,Parvimonas micra,19.06375,0.124386348988134,RefSeq,GCF_037482165.1,Parvimonas_micra_GCF_037482165.1.fna.gz
k__Bacteria|p__Bacteroidota|c__Flavobacteriia|o__Flavobacteriales|f__Weeksellaceae|g__Chryseobacterium|s__Chryseobacterium_culicis|t__SGB2575,Chryseobacterium culicis,18.5188,0.120830682297106,GenBank,GCA_050284845.1,Chryseobacterium_culicis_GCA_050284845.1.fna.gz
k__Bacteria|p__Bacteroidota|c__Flavobacteriia|o__Flavobacteriales|f__Weeksellaceae|g__Chryseobacterium|s__Chryseobacterium_scophthalmum|t__SGB2563,Chryseobacterium scophthalmum,17.90493,0.116825329307619,RefSeq,GCF_046735985.1,Chryseobacterium_scophthalmum_GCF_046735985.1.fna.gz
k__Bacteria|p__Proteobacteria|c__Gammaproteobacteria|o__Pasteurellales|f__Pasteurellaceae|g__Haemophilus|s__Haemophilus_haemolyticus|t__SGB9652_group,Haemophilus haemolyticus,17.88785,0.116713886446654,RefSeq,GCF_002985765.2,Haemophilus_haemolyticus_GCF_002985765.2.fna.gz
k__Bacteria|p__Firmicutes|c__Bacilli|o__Bacillales|f__Staphylococcaceae|g__Staphylococcus|s__Staphylococcus_argenteus|t__SGB7853,Staphylococcus argenteus,17.12194,0.111716509301365,RefSeq,GCF_051473475.1,Staphylococcus_argenteus_GCF_051473475.1.fna.gz
k__Bacteria|p__Candidatus_Saccharibacteria|c__Candidatus_Saccharimonadia|o__Candidatus_Nanosynbacterales|f__Candidatus_Nanosynbacteraceae|g__Candidatus_Nanosynbacter|s__Candidatus_Nanosynbacter_sp_HMT_352|t__SGB19850,Candidatus_Nanosynbacter sp_HMT_352,17.08116,0.111450429683675,RefSeq,GCF_021222645.1,Candidatus_Nanosynbacter_sp_HMT_352_GCF_021222645.1.fna.gz
k__Bacteria|p__Proteobacteria|c__Gammaproteobacteria|o__Cardiobacteriales|f__Cardiobacteriaceae|g__Cardiobacterium|s__Cardiobacterium_hominis|t__SGB9418,Cardiobacterium hominis,16.59891,0.108303865298414,RefSeq,GCF_043179105.1,Cardiobacterium_hominis_GCF_043179105.1.fna.gz
k__Bacteria|p__Actinobacteria|c__Actinomycetia|o__Propionibacteriales|f__Propionibacteriaceae|g__Arachnia|s__Arachnia_rubra|t__SGB15896,Arachnia rubra,16.57968,0.108178394208463,RefSeq,GCF_037055315.1,Arachnia_rubra_GCF_037055315.1.fna.gz
k__Bacteria|p__Actinobacteria|c__Actinomycetia|o__Actinomycetales|f__Actinomycetaceae|g__Schaalia|s__Schaalia_meyeri|t__SGB17150,Schaalia meyeri,16.4511,0.107339440867547,RefSeq,GCF_016127995.1,Schaalia_meyeri_GCF_016127995.1.fna.gz
k__Bacteria|p__Proteobacteria|c__Gammaproteobacteria|o__Pseudomonadales|f__Pseudomonadaceae|g__Pseudomonas|s__Pseudomonas_putida|t__SGB12280,Pseudomonas putida,16.09353,0.105006383268298,RefSeq,GCF_052075905.1,Pseudomonas_putida_GCF_052075905.1.fna.gz
k__Bacteria|p__Actinobacteria|c__Actinomycetia|o__Micrococcales|f__Micrococcaceae|g__Kocuria|s__Kocuria_palustris|t__SGB16663,Kocuria palustris,15.69233,0.102388650492006,RefSeq,GCF_049354735.1,Kocuria_palustris_GCF_049354735.1.fna.gz
k__Bacteria|p__Firmicutes|c__Bacilli|o__Bacillales|f__Staphylococcaceae|g__Staphylococcus|s__Staphylococcus_saprophyticus|t__SGB7848,Staphylococcus saprophyticus,15.14092,0.0987908338664441,RefSeq,GCF_050916785.1,Staphylococcus_saprophyticus_GCF_050916785.1.fna.gz
k__Bacteria|p__Actinobacteria|c__Actinomycetia|o__Actinomycetales|f__Actinomycetaceae|g__Actinomyces|s__Actinomyces_johnsonii|t__SGB15887,Actinomyces johnsonii,14.84187,0.0968396050859103,RefSeq,GCF_052112905.1,Actinomyces_johnsonii_GCF_052112905.1.fna.gz
k__Bacteria|p__Actinobacteria|c__Actinomycetia|o__Corynebacteriales|f__Corynebacteriaceae|g__Corynebacterium|s__Corynebacterium_bovis|t__SGB33717,Corynebacterium bovis,14.41727,0.0940691929801933,RefSeq,GCF_030408615.1,Corynebacterium_bovis_GCF_030408615.1.fna.gz
k__Bacteria|p__Actinobacteria|c__Actinomycetia|o__Micrococcales|f__Microbacteriaceae|g__Microbacterium|s__Microbacterium_maritypicum|t__SGB16873,Microbacterium maritypicum,14.35164,0.0936409731344604,RefSeq,GCF_041529975.1,Microbacterium_maritypicum_GCF_041529975.1.fna.gz
k__Bacteria|p__Firmicutes|c__Clostridia|o__Eubacteriales|f__Lachnospiraceae|g__Oribacterium|s__Oribacterium_sinus|t__SGB5273,Oribacterium sinus,13.5118,0.0881612206547964,GenBank,GCA_965244335.1,Oribacterium_sinus_GCA_965244335.1.fna.gz
k__Bacteria|p__Bacteroidota|c__Flavobacteriia|o__Flavobacteriales|f__Flavobacteriaceae|g__Capnocytophaga|s__Capnocytophaga_gingivalis|t__SGB2479,Capnocytophaga gingivalis,13.01965,0.0849500611686244,RefSeq,GCF_002302415.1,Capnocytophaga_gingivalis_GCF_002302415.1.fna.gz
k__Bacteria|p__Actinobacteria|c__Actinomycetia|o__Bifidobacteriales|f__Bifidobacteriaceae|g__Scardovia|s__Scardovia_wiggsiae|t__SGB15494,Scardovia wiggsiae,12.90269,0.084186925511807,RefSeq,GCF_051045985.1,Scardovia_wiggsiae_GCF_051045985.1.fna.gz
k__Bacteria|p__Actinobacteria|c__Coriobacteriia|o__Coriobacteriales|f__Atopobiaceae|g__Lancefieldella|s__Lancefieldella_parvula|t__SGB966,Lancefieldella parvula,12.80978,0.0835807102768985,GenBank,GCA_023300185.1,Lancefieldella_parvula_GCA_023300185.1.fna.gz
k__Bacteria|p__Proteobacteria|c__Gammaproteobacteria|o__Enterobacterales|f__Enterobacteriaceae|g__Klebsiella|s__Klebsiella_grimontii|t__SGB10120,Klebsiella grimontii,12.74187,0.0831376139836832,GenBank,GCA_052363735.1,Klebsiella_grimontii_GCA_052363735.1.fna.gz
k__Bacteria|p__Firmicutes|c__Negativicutes|o__Veillonellales|f__Veillonellaceae|g__Veillonella|s__Veillonella_sp_3627|t__SGB6934,Veillonella sp_3627,12.46644,0.0813404999792611,RefSeq,GCF_003992195.1,Veillonella_sp_3627_GCF_003992195.1.fna.gz
k__Bacteria|p__Actinobacteria|c__Actinomycetia|o__Micrococcales|f__Micrococcaceae|g__Kocuria|s__Kocuria_salsicia|t__SGB16669,Kocuria salsicia,12.41259,0.0809891417788539,RefSeq,GCF_040686715.1,Kocuria_salsicia_GCF_040686715.1.fna.gz
k__Bacteria|p__Actinobacteria|c__Coriobacteriia|o__Coriobacteriales|f__Atopobiaceae|g__Lancefieldella|s__Lancefieldella_parvula|t__SGB964,Lancefieldella parvula,12.34001,0.0805155748673303,GenBank,GCA_023300185.1,Lancefieldella_parvula_GCA_023300185.1.fna.gz
k__Bacteria|p__Actinobacteria|c__Actinomycetia|o__Actinomycetales|f__Actinomycetaceae|g__Schaalia|s__Schaalia_SGB17154|t__SGB17154,Not Extractable,12.14989,0.079275087939542,Species Not Extractable,Not Available,Not Available
k__Bacteria|p__Proteobacteria|c__Gammaproteobacteria|o__Xanthomonadales|f__Xanthomonadaceae|g__Stenotrophomonas|s__Stenotrophomonas_rhizophila|t__SGB32943,Stenotrophomonas rhizophila,12.14291,0.0792295451310213,RefSeq,GCF_050917505.1,Stenotrophomonas_rhizophila_GCF_050917505.1.fna.gz
k__Bacteria|p__Actinobacteria|c__Actinomycetia|o__Micrococcales|f__Micrococcaceae|g__Kocuria|s__Kocuria_carniphila|t__SGB16672,Kocuria carniphila,12.00767,0.0783471369040378,RefSeq,GCF_042647725.1,Kocuria_carniphila_GCF_042647725.1.fna.gz
k__Bacteria|p__Firmicutes|c__Clostridia|o__Eubacteriales|f__Lachnospiraceae|g__GGB3883|s__GGB3883_SGB5266|t__SGB5266_group,Not Extractable,11.86559,0.0774200993346072,Species Not Extractable,Not Available,Not Available
k__Bacteria|p__Actinobacteria|c__Actinomycetia|o__Propionibacteriales|f__Propionibacteriaceae|g__Cutibacterium|s__Cutibacterium_acnes|t__SGB16955,Cutibacterium acnes,11.45949,0.0747703952457432,RefSeq,GCF_041410355.1,Cutibacterium_acnes_GCF_041410355.1.fna.gz
k__Bacteria|p__Proteobacteria|c__Gammaproteobacteria|o__Pseudomonadales|f__Pseudomonadaceae|g__Pseudomonas|s__Pseudomonas_brenneri|t__SGB12164,Pseudomonas brenneri,11.29786,0.0737157986639084,RefSeq,GCF_030370465.1,Pseudomonas_brenneri_GCF_030370465.1.fna.gz
k__Bacteria|p__Proteobacteria|c__Gammaproteobacteria|o__Enterobacterales|f__Yersiniaceae|g__Serratia|s__Serratia_marcescens|t__SGB10251,Serratia marcescens,11.08501,0.0723270039943327,RefSeq,GCF_052045055.1,Serratia_marcescens_GCF_052045055.1.fna.gz
k__Bacteria|p__Firmicutes|c__Negativicutes|o__Selenomonadales|f__Selenomonadaceae|g__Selenomonas|s__Selenomonas_noxia|t__SGB5884,Selenomonas noxia,10.82932,0.0706586887062715,RefSeq,GCF_965241795.1,Selenomonas_noxia_GCF_965241795.1.fna.gz
k__Bacteria|p__Proteobacteria|c__Gammaproteobacteria|o__Pseudomonadales|f__Pseudomonadaceae|g__Pseudomonas|s__Pseudomonas_qingdaonensis|t__SGB12266,Pseudomonas qingdaonensis,10.79213,0.0704160329686087,RefSeq,GCF_030505435.1,Pseudomonas_qingdaonensis_GCF_030505435.1.fna.gz
k__Bacteria|p__Proteobacteria|c__Gammaproteobacteria|o__Moraxellales|f__Moraxellaceae|g__Acinetobacter|s__Acinetobacter_parvus|t__SGB10366,Acinetobacter parvus,10.67248,0.0696353457136652,GenBank,GCA_046347415.1,Acinetobacter_parvus_GCA_046347415.1.fna.gz
k__Bacteria|p__Proteobacteria|c__Gammaproteobacteria|o__Pseudomonadales|f__Pseudomonadaceae|g__Pseudomonas|s__Pseudomonas_rustica|t__SGB33177,Pseudomonas rustica,10.56789,0.0689529213091976,RefSeq,GCF_049959085.1,Pseudomonas_rustica_GCF_049959085.1.fna.gz
k__Bacteria|p__Proteobacteria|c__Gammaproteobacteria|o__Moraxellales|f__Moraxellaceae|g__Acinetobacter|s__Acinetobacter_pittii|t__SGB10346,Acinetobacter pittii,10.24253,0.0668300261544259,RefSeq,GCF_050367435.1,Acinetobacter_pittii_GCF_050367435.1.fna.gz
k__Bacteria|p__Bacteroidota|c__Flavobacteriia|o__Flavobacteriales|f__Flavobacteriaceae|g__GGB1833|s__GGB1833_SGB2477|t__SGB2477,Not Extractable,10.09769,0.0658849802538323,Species Not Extractable,Not Available,Not Available
k__Bacteria|p__Firmicutes|c__Bacilli|o__Lactobacillales|f__Streptococcaceae|g__Streptococcus|s__Streptococcus_gordonii|t__SGB8054,Streptococcus gordonii,9.9276,0.0647751842221285,RefSeq,GCF_051054895.1,Streptococcus_gordonii_GCF_051054895.1.fna.gz
k__Bacteria|p__Proteobacteria|c__Gammaproteobacteria|o__Pseudomonadales|f__Pseudomonadaceae|g__Pseudomonas|s__Pseudomonas_luteola|t__SGB12056,Pseudomonas luteola,9.59214,0.0625863890149128,RefSeq,GCF_051028725.1,Pseudomonas_luteola_GCF_051028725.1.fna.gz
k__Bacteria|p__Proteobacteria|c__Gammaproteobacteria|o__Enterobacterales|f__Enterobacteriaceae|g__Enterobacter|s__Enterobacter_ludwigii|t__SGB10127,Enterobacter ludwigii,9.5053,0.0620197790590473,GenBank,GCA_051302795.1,Enterobacter_ludwigii_GCA_051302795.1.fna.gz
k__Bacteria|p__Actinobacteria|c__Actinomycetia|o__Propionibacteriales|f__Propionibacteriaceae|g__Arachnia|s__Arachnia_propionica|t__SGB15897,Arachnia propionica,9.42239,0.0614788114008161,RefSeq,GCF_046846385.1,Arachnia_propionica_GCF_046846385.1.fna.gz
k__Bacteria|p__Actinobacteria|c__Actinomycetia|o__Actinomycetales|f__Actinomycetaceae|g__Actinomyces|s__Actinomyces_israelii|t__SGB15875,Actinomyces israelii,9.40726,0.0613800918173034,RefSeq,GCF_030253495.1,Actinomyces_israelii_GCF_030253495.1.fna.gz
k__Bacteria|p__Candidatus_Saccharibacteria|c__Candidatus_Saccharibacteria_unclassified|o__Candidatus_Saccharibacteria_unclassified|f__Candidatus_Saccharibacteria_unclassified|g__Candidatus_Saccharibacteria_unclassified|s__Candidatus_Saccharibacteria_unclassified_SGB19846|t__SGB19846_group,Not Extractable,9.34798,0.0609933041827605,Species Not Extractable,Not Available,Not Available
k__Bacteria|p__Actinobacteria|c__Actinomycetia|o__Corynebacteriales|f__Tsukamurellaceae|g__Tsukamurella|s__Tsukamurella_pulmonis|t__SGB15846,Tsukamurella pulmonis,9.23454,0.0602531356729335,RefSeq,GCF_022179485.1,Tsukamurella_pulmonis_GCF_022179485.1.fna.gz
k__Bacteria|p__Bacteroidota|c__Bacteroidia|o__Bacteroidales|f__Porphyromonadaceae|g__Porphyromonas|s__Porphyromonas_endodontalis|t__SGB2016,Porphyromonas endodontalis,9.20583,0.0600658098802931,RefSeq,GCF_020097375.1,Porphyromonas_endodontalis_GCF_020097375.1.fna.gz
k__Bacteria|p__Proteobacteria|c__Betaproteobacteria|o__Neisseriales|f__Neisseriaceae|g__Neisseria|s__Neisseria_bacilliformis|t__SGB9426,Neisseria bacilliformis,9.06851,0.0591698301573608,RefSeq,GCF_014055025.1,Neisseria_bacilliformis_GCF_014055025.1.fna.gz
k__Bacteria|p__Firmicutes|c__Clostridia|o__Eubacteriales|f__Peptostreptococcaceae|g__Peptostreptococcus|s__Peptostreptococcus_SGB749|t__SGB749,Not Extractable,9.05505,0.0590820069191532,Species Not Extractable,Not Available,Not Available
k__Bacteria|p__Candidatus_Saccharibacteria|c__Candidatus_Saccharibacteria_unclassified|o__Candidatus_Saccharibacteria_unclassified|f__Candidatus_Saccharibacteria_unclassified|g__GGB12794|s__GGB12794_SGB19881|t__SGB19881,Not Extractable,8.96821,0.0585153969632877,Species Not Extractable,Not Available,Not Available
k__Bacteria|p__Firmicutes|c__Erysipelotrichia|o__Erysipelotrichales|f__Erysipelotrichaceae|g__Solobacterium|s__Solobacterium_moorei|t__SGB6826,Solobacterium moorei,8.91839,0.0581903335362816,RefSeq,GCF_036323475.1,Solobacterium_moorei_GCF_036323475.1.fna.gz
k__Bacteria|p__Actinobacteria|c__Actinomycetia|o__Propionibacteriales|f__Propionibacteriaceae|g__Arachnia|s__Arachnia_SGB15898|t__SGB15898,Not Extractable,8.59633,0.0560889700818133,Species Not Extractable,Not Available,Not Available
k__Bacteria|p__Actinobacteria|c__Actinomycetia|o__Actinomycetales|f__Actinomycetaceae|g__Pauljensenia|s__Pauljensenia_hongkongensis|t__SGB17148,Pauljensenia hongkongensis,8.55211,0.0558004452977465,RefSeq,GCF_001746855.1,Pauljensenia_hongkongensis_GCF_001746855.1.fna.gz
k__Bacteria|p__Actinobacteria|c__Actinomycetia|o__Actinomycetales|f__Actinomycetaceae|g__Actinomyces|s__Actinomyces_SGB17132|t__SGB17132_group,Not Extractable,8.47358,0.0552880560780998,Species Not Extractable,Not Available,Not Available
k__Bacteria|p__Proteobacteria|c__Gammaproteobacteria|o__Enterobacterales|f__Enterobacteriaceae|g__Klebsiella|s__Klebsiella_pneumoniae|t__SGB10115_group,Klebsiella pneumoniae,8.31819,0.0542741739841117,RefSeq,GCF_052063115.1,Klebsiella_pneumoniae_GCF_052063115.1.fna.gz
k__Bacteria|p__Candidatus_Saccharibacteria|c__Candidatus_Saccharimonadia|o__Candidatus_Nanosynbacterales|f__Candidatus_Nanosynbacteraceae|g__Candidatus_Nanosynbacter|s__Candidatus_Nanosynbacter_lyticus|t__SGB19849,Candidatus_Nanosynbacter lyticus,8.31703,0.0542666052652171,RefSeq,GCF_046097505.1,Candidatus_Nanosynbacter_lyticus_GCF_046097505.1.fna.gz
k__Bacteria|p__Firmicutes|c__Clostridia|o__Eubacteriales|f__Eubacteriales_Family_XIII_Incertae_Sedis|g__Mogibacterium|s__Mogibacterium_diversum|t__SGB3922_group,Mogibacterium diversum,8.19818,0.0534911378164078,RefSeq,GCF_023303005.1,Mogibacterium_diversum_GCF_023303005.1.fna.gz
k__Bacteria|p__Firmicutes|c__Bacilli|o__Lactobacillales|f__Streptococcaceae|g__Streptococcus|s__Streptococcus_infantis|t__SGB8086,Streptococcus infantis,8.15906,0.0532358892964463,RefSeq,GCF_021497965.1,Streptococcus_infantis_GCF_021497965.1.fna.gz
k__Bacteria|p__Firmicutes|c__Clostridia|o__Eubacteriales|f__Peptostreptococcaceae|g__Peptostreptococcus|s__Peptostreptococcus_stomatis|t__SGB748,Peptostreptococcus stomatis,7.9047,0.0515762519360832,RefSeq,GCF_052173935.1,Peptostreptococcus_stomatis_GCF_052173935.1.fna.gz
k__Bacteria|p__Firmicutes|c__Clostridia|o__Eubacteriales|f__Lachnospiraceae|g__Oribacterium|s__Oribacterium_sp_oral_taxon_078|t__SGB7282,Oribacterium sp_oral_taxon_078,7.80282,0.0509115096248951,RefSeq,GCF_000160135.1,Oribacterium_sp_oral_taxon_078_GCF_000160135.1.fna.gz
k__Bacteria|p__Proteobacteria|c__Gammaproteobacteria|o__Enterobacterales|f__Yersiniaceae|g__Serratia|s__Serratia_liquefaciens|t__SGB10256,Serratia liquefaciens,7.77039,0.0506999117337307,RefSeq,GCF_048537535.1,Serratia_liquefaciens_GCF_048537535.1.fna.gz
k__Bacteria|p__Bacteroidota|c__Flavobacteriia|o__Flavobacteriales|f__Flavobacteriaceae|g__Capnocytophaga|s__Capnocytophaga_sputigena|t__SGB2502,Capnocytophaga sputigena,7.74764,0.0505514734967899,RefSeq,GCF_900638125.1,Capnocytophaga_sputigena_GCF_900638125.1.fna.gz
k__Bacteria|p__Actinobacteria|c__Actinomycetia|o__Corynebacteriales|f__Corynebacteriaceae|g__Corynebacterium|s__Corynebacterium_matruchotii|t__SGB17007,Corynebacterium matruchotii,7.66012,0.0499804267057105,RefSeq,GCF_011612265.2,Corynebacterium_matruchotii_GCF_011612265.2.fna.gz
k__Bacteria|p__Firmicutes|c__Bacilli|o__Lactobacillales|f__Streptococcaceae|g__Streptococcus|s__Streptococcus_infantis|t__SGB8094,Streptococcus infantis,7.6073,0.0496357890057011,RefSeq,GCF_021497965.1,Streptococcus_infantis_GCF_021497965.1.fna.gz
k__Bacteria|p__Fusobacteria|c__Fusobacteriia|o__Fusobacteriales|f__Fusobacteriaceae|g__Fusobacterium|s__Fusobacterium_nucleatum|t__SGB6014,Fusobacterium nucleatum,7.59168,0.0495338722909312,RefSeq,GCF_050920715.1,Fusobacterium_nucleatum_GCF_050920715.1.fna.gz
k__Bacteria|p__Bacteroidota|c__Bacteroidia|o__Bacteroidales|f__Tannerellaceae|g__Tannerella|s__Tannerella_serpentiformis|t__SGB2048,Tannerella serpentiformis,7.55258,0.0492787542661231,RefSeq,GCF_001717525.2,Tannerella_serpentiformis_GCF_001717525.2.fna.gz
k__Bacteria|p__Actinobacteria|c__Actinomycetia|o__Micrococcales|f__Micrococcaceae|g__Kocuria|s__Kocuria_massiliensis|t__SGB16631,Kocuria massiliensis,7.52523,0.0491003021439107,RefSeq,GCF_027568535.1,Kocuria_massiliensis_GCF_027568535.1.fna.gz
k__Bacteria|p__Actinobacteria|c__Actinomycetia|o__Actinomycetales|f__Actinomycetaceae|g__Schaalia|s__Schaalia_georgiae|t__SGB17149,Schaalia georgiae,7.49457,0.0489002530738182,GenBank,GCA_963554635.1,Schaalia_georgiae_GCA_963554635.1.fna.gz
k__Bacteria|p__Proteobacteria|c__Betaproteobacteria|o__Neisseriales|f__Neisseriaceae|g__Eikenella|s__Eikenella_corrodens|t__SGB9434_group,Eikenella corrodens,7.36931,0.0480829619283587,RefSeq,GCF_019930845.1,Eikenella_corrodens_GCF_019930845.1.fna.gz
k__Bacteria|p__Actinobacteria|c__Actinomycetia|o__Micrococcales|f__Microbacteriaceae|g__Microbacterium|s__Microbacterium_oxydans|t__SGB16871,Microbacterium oxydans,7.35762,0.048006687511223,RefSeq,GCF_050917465.1,Microbacterium_oxydans_GCF_050917465.1.fna.gz
k__Bacteria|p__Firmicutes|c__Clostridia|o__Eubacteriales|f__Eubacteriales_Family_XIII_Incertae_Sedis|g__Eubacteriales_Family_XIII_Incertae_Sedis_unclassified|s__Eubacterium_sulci|t__SGB3934_group,Eubacteriales_Family_XIII_Incertae_Sedis_unclassified Eubacterium_sulci,6.9918,0.045619800661215,Download Failed,Not Available,Not Available
k__Bacteria|p__Firmicutes|c__Bacilli|o__Bacillales|f__Staphylococcaceae|g__Staphylococcus|s__Staphylococcus_pasteuri|t__SGB7855,Staphylococcus pasteuri,6.88897,0.0449488598302426,RefSeq,GCF_025558385.1,Staphylococcus_pasteuri_GCF_025558385.1.fna.gz
k__Eukaryota|p__Ascomycota|c__Saccharomycetes|o__Saccharomycetales|f__Debaryomycetaceae|g__Candida|s__Candida_parapsilosis|t__EUK5480,Candida parapsilosis,6.85258,0.044711423898714,GenBank,GCA_963989715.1,Candida_parapsilosis_GCA_963989715.1.fna.gz
k__Bacteria|p__Firmicutes|c__Clostridia|o__Eubacteriales|f__Eubacteriales_Family_XIII_Incertae_Sedis|g__Mogibacterium|s__Mogibacterium_timidum|t__SGB3920,Mogibacterium timidum,6.7907,0.0443076718942351,RefSeq,GCF_963536525.1,Mogibacterium_timidum_GCF_963536525.1.fna.gz
k__Bacteria|p__Candidatus_Saccharibacteria|c__Candidatus_Saccharibacteria_unclassified|o__Candidatus_Saccharibacteria_unclassified|f__Candidatus_Saccharibacteria_unclassified|g__Candidatus_Saccharibacteria_unclassified|s__TM7_phylum_sp_oral_taxon_348|t__SGB19880,Candidatus_Saccharibacteria_unclassified TM7_phylum_sp_oral_taxon_348,6.65489,0.0434215445553811,Download Failed,Not Available,Not Available
k__Bacteria|p__Proteobacteria|c__Alphaproteobacteria|o__Hyphomicrobiales|f__Rhizobiaceae|g__Shinella|s__Shinella_sp_DD12|t__SGB11203,Shinella sp_DD12,6.62077,0.0431989198237582,RefSeq,GCF_000496935.2,Shinella_sp_DD12_GCF_000496935.2.fna.gz
k__Bacteria|p__Firmicutes|c__Bacilli|o__Bacillales|f__Staphylococcaceae|g__Staphylococcus|s__Staphylococcus_lugdunensis|t__SGB7850,Staphylococcus lugdunensis,6.48639,0.042322122888369,GenBank,GCA_050916225.1,Staphylococcus_lugdunensis_GCA_050916225.1.fna.gz
k__Bacteria|p__Proteobacteria|c__Alphaproteobacteria|o__Rhodospirillales|f__Rhodospirillaceae|g__Rhodospirillaceae_unclassified|s__Rhodospirillaceae_bacterium_CCH5_H10|t__SGB31854,Rhodospirillaceae_unclassified Rhodospirillaceae_bacterium_CCH5_H10,6.39328,0.0417146027019269,Download Failed,Not Available,Not Available
k__Bacteria|p__Proteobacteria|c__Alphaproteobacteria|o__Hyphomicrobiales|f__Brucellaceae|g__Brucella|s__Brucella_anthropi|t__SGB11011,Brucella anthropi,6.23758,0.0406986979330618,RefSeq,GCF_050990685.1,Brucella_anthropi_GCF_050990685.1.fna.gz
k__Bacteria|p__Actinobacteria|c__Actinomycetia|o__Actinomycetales|f__Actinomycetaceae|g__Actinomyces|s__Actinomyces_bouchesdurhonensis|t__SGB17152,Actinomyces bouchesdurhonensis,6.23602,0.0406885193111002,RefSeq,GCF_965245965.1,Actinomyces_bouchesdurhonensis_GCF_965245965.1.fna.gz
k__Bacteria|p__Proteobacteria|c__Gammaproteobacteria|o__Pseudomonadales|f__Pseudomonadaceae|g__Pseudomonas|s__Pseudomonas_fragi|t__SGB12106,Pseudomonas fragi,6.20571,0.0404907539061913,RefSeq,GCF_046268055.1,Pseudomonas_fragi_GCF_046268055.1.fna.gz
k__Bacteria|p__Fusobacteria|c__Fusobacteriia|o__Fusobacteriales|f__Leptotrichiaceae|g__Leptotrichia|s__Leptotrichia_sp_oral_taxon_215|t__SGB6067,Leptotrichia sp_oral_taxon_215,6.08822,0.0397241601278101,GenBank,GCA_905371725.1,Leptotrichia_sp_oral_taxon_215_GCA_905371725.1.fna.gz
k__Bacteria|p__Proteobacteria|c__Alphaproteobacteria|o__Caulobacterales|f__Caulobacteraceae|g__Brevundimonas|s__Brevundimonas_sp_EYE_349|t__SGB38300,Brevundimonas sp_EYE_349,6.08455,0.0397002142671695,RefSeq,GCF_023147505.1,Brevundimonas_sp_EYE_349_GCF_023147505.1.fna.gz
k__Bacteria|p__Actinobacteria|c__Actinomycetia|o__Propionibacteriales|f__Propionibacteriaceae|g__Arachnia|s__Arachnia_SGB15899|t__SGB15899,Not Extractable,5.95381,0.0388471674496909,Species Not Extractable,Not Available,Not Available
k__Bacteria|p__Proteobacteria|c__Alphaproteobacteria|o__Sphingomonadales|f__Sphingomonadaceae|g__Sphingopyxis|s__Sphingopyxis_microcysteis|t__SGB31632,Sphingopyxis microcysteis,5.81047,0.0379119086855988,RefSeq,GCF_012274265.1,Sphingopyxis_microcysteis_GCF_012274265.1.fna.gz
k__Bacteria|p__Proteobacteria|c__Betaproteobacteria|o__Neisseriales|f__Neisseriaceae|g__Neisseria|s__Neisseria_cinerea|t__SGB9460,Neisseria cinerea,5.76523,0.0376167286487109,RefSeq,GCF_016028715.1,Neisseria_cinerea_GCF_016028715.1.fna.gz
k__Bacteria|p__Proteobacteria|c__Alphaproteobacteria|o__Sphingomonadales|f__Sphingomonadaceae|g__Sphingomonas|s__Sphingomonas_koreensis|t__SGB11633,Sphingomonas koreensis,5.74374,0.0374765116064314,RefSeq,GCF_001922385.1,Sphingomonas_koreensis_GCF_001922385.1.fna.gz
k__Bacteria|p__Proteobacteria|c__Alphaproteobacteria|o__Sphingomonadales|f__Sphingomonadaceae|g__Sphingomonas|s__Sphingomonas_sp_JUb134|t__SGB31686,Sphingomonas sp_JUb134,5.70956,0.0372534953893485,RefSeq,GCF_004341505.2,Sphingomonas_sp_JUb134_GCF_004341505.2.fna.gz
k__Bacteria|p__Proteobacteria|c__Betaproteobacteria|o__Burkholderiales|f__Alcaligenaceae|g__Achromobacter|s__Achromobacter_insuavis|t__SGB13141,Achromobacter insuavis,5.6762,0.0370358294735531,GenBank,GCA_038049915.1,Achromobacter_insuavis_GCA_038049915.1.fna.gz
k__Bacteria|p__Candidatus_Saccharibacteria|c__Candidatus_Saccharibacteria_unclassified|o__Candidatus_Saccharibacteria_unclassified|f__Candidatus_Saccharibacteria_unclassified|g__GGB12798|s__GGB12798_SGB135773|t__SGB135773,Not Extractable,5.67313,0.0370157984675132,Species Not Extractable,Not Available,Not Available
k__Bacteria|p__Proteobacteria|c__Gammaproteobacteria|o__Moraxellales|f__Moraxellaceae|g__Acinetobacter|s__Acinetobacter_sp_ANC_4204|t__SGB10397,Acinetobacter sp_ANC_4204,5.60164,0.0365493435418474,RefSeq,GCF_002135205.1,Acinetobacter_sp_ANC_4204_GCF_002135205.1.fna.gz
k__Bacteria|p__Bacteroidota|c__Bacteroidia|o__Bacteroidales|f__Prevotellaceae|g__Prevotella|s__Prevotella_nanceiensis|t__SGB1536,Prevotella nanceiensis,5.59835,0.0365278770891206,RefSeq,GCF_963553995.1,Prevotella_nanceiensis_GCF_963553995.1.fna.gz
k__Bacteria|p__Candidatus_Saccharibacteria|c__Candidatus_Nanoperiomorbia|o__Candidatus_Nanoperiomorbales|f__Candidatus_Nanoperiomorbaceae|g__Candidatus_Nanoperiomorbus|s__Candidatus_Nanoperiomorbus_periodonticus|t__SGB19800,Candidatus_Nanoperiomorbus periodonticus,5.46451,0.035654603522872,RefSeq,GCF_004138455.1,Candidatus_Nanoperiomorbus_periodonticus_GCF_004138455.1.fna.gz
k__Bacteria|p__Firmicutes|c__Bacilli|o__Bacillales|f__Bacillales_unclassified|g__Gemella|s__Gemella_SGB7291|t__SGB7291,Not Extractable,5.4418,0.0355064262762379,Species Not Extractable,Not Available,Not Available
k__Bacteria|p__Proteobacteria|c__Gammaproteobacteria|o__Pasteurellales|f__Pasteurellaceae|g__Haemophilus|s__Haemophilus_paraphrohaemolyticus|t__SGB9634,Haemophilus paraphrohaemolyticus,5.44129,0.0355030986498273,RefSeq,GCF_965245225.1,Haemophilus_paraphrohaemolyticus_GCF_965245225.1.fna.gz
k__Bacteria|p__Firmicutes|c__Clostridia|o__Eubacteriales|f__Eubacteriales_Family_XIII_Incertae_Sedis|g__Eubacteriales_Family_XIII_Incertae_Sedis_unclassified|s__Eubacterium_infirmum|t__SGB3936,Eubacteriales_Family_XIII_Incertae_Sedis_unclassified Eubacterium_infirmum,5.39297,0.0351878223593228,Download Failed,Not Available,Not Available
k__Bacteria|p__Firmicutes|c__Clostridia|o__Eubacteriales|f__Lachnospiraceae|g__Shuttleworthia|s__Shuttleworthia_satelles|t__SGB7281,Shuttleworthia satelles,5.35417,0.0349346617618149,RefSeq,GCF_963543355.1,Shuttleworthia_satelles_GCF_963543355.1.fna.gz
k__Bacteria|p__Proteobacteria|c__Betaproteobacteria|o__Burkholderiales|f__Burkholderiaceae|g__Lautropia|s__Lautropia_dentalis|t__SGB13164,Lautropia dentalis,5.2251,0.0340925112896414,GenBank,GCA_965246495.1,Lautropia_dentalis_GCA_965246495.1.fna.gz
k__Bacteria|p__Firmicutes|c__Erysipelotrichia|o__Erysipelotrichales|f__Erysipelotrichaceae|g__Bulleidia|s__Bulleidia_extructa|t__SGB6820,Bulleidia extructa,5.15901,0.0336612900553813,RefSeq,GCF_049341045.1,Bulleidia_extructa_GCF_049341045.1.fna.gz
k__Bacteria|p__Bacteroidota|c__Flavobacteriia|o__Flavobacteriales|f__Flavobacteriaceae|g__Capnocytophaga|s__Capnocytophaga_SGB2480|t__SGB2480,Not Extractable,5.15345,0.0336250124027487,Species Not Extractable,Not Available,Not Available
k__Bacteria|p__Firmicutes|c__Bacilli|o__Bacillales|f__Bacillales_unclassified|g__Gemella|s__Gemella_SGB7284|t__SGB7284,Not Extractable,5.06091,0.0330212113281773,Species Not Extractable,Not Available,Not Available
